AFFAIRE;DEM_ID;PRM
A03NMR80;193055380;09205933387188
A03NMR80;193055380;09205933387188
A03YI3NP;207862504;24315774052227
A03ZD6TQ;209152605;02100723472387
A03ZD6TQ;209152605;02100723472387
A0490UM7;223629427;15159478964002
A04CF9FN;228749698;01100433984557
A04EU0M9;232340404;02101302342831
A04EU0M9;232340405;02101302342831
A04FQH92;233689892;04103907311264
A04FQH92;233689892;04103907311264
A04FQH92;233689893;04103907311264
A04HKYUH;236497082;12137915967271
A055U06M;271356107;21238205387711
A05674X0;271919270;07389580285699
A056BA76;272097251;17155282126776
A056EBRX;272227792;24305209767161
A056JMMJ;272455489;14413892836860
A056Q00U;272685029;21238205398840
A056U783;272865358;14413748181246
A056WSJ6;272975996;22173227107864
A05702MD;273116983;15154703289845
A0570I3M;273135927;25239507829789
A0570TP1;273148891;24309696020891
A0572IUS;273222592;22182923248183
A05739EH;273253907;21235745258309
A0578KEY;273481773;19181331174192
A057ACV2;273558252;12122286517570
A057J0J4;273929044;16164978128474
A057MFRA;274076295;07395079515985
A057TU8K;274350075;16164978133983
A0580FKN;274633473;12134732217209
A05848G6;274796241;19181331192410
A0585NCW;274857376;02100144700304
A0585ND7;274857387;02100434115094
A0585ND9;274857389;02100434144551
A0585NDH;274857397;02101447145178
A0585NDM;274857402;02101591845461
A0585NDU;274857409;02101591862999
A0585XL6;274868691;15139797387449
A0587H05;274935330;01100723532908
A0587H1J;274935379;01101447015907
A0588F3C;274975867;09205933395064
A058CDZI;275146008;21233285033290
A058CF9D;275147578;07389869658836
A058DCPA;275187300;14411432566080
A058E7IB;275223841;23151808831802
A058G5NW;275307336;17148335695230
A058G6H1;275308321;15150217054260
A058GL1F;275326150;14411432548740
A058GQQD;275331888;14411432634150
A058GZY3;275343183;22184949274165
A058JWWY;275468093;25230824752445
A058K518;275478043;30002531242009
A058KD4T;275487968;15154703298071
A058SEP4;275789994;12128798835853
A058SU4Y;275807698;19182633795781
A058TW0M;275852872;06303328480521
A058UATT;275871008;16167872454564
A058UNBJ;275886329;22184949313430
A058WILF;275966300;09197250341222
A058WLQD;275970113;15154558603710
A058WPMZ;275973704;16164833571064
A058WQ1X;275974192;15154703321598
A058WTXN;275978943;19184080976449
A05921MC;276202757;16167872440070
A0593EDF;276261245;30002540276061
A0594Y1N;276326983;12128943499721
A0595TAM;276364047;30002520390998
A0596QXC;276404007;23140520971740
A0597FCS;276433947;04107814744818
A0597FDW;276433986;04104196799806
A0599MNP;276528654;05100578809393
A0599MY8;276528988;05100144655932
A0599NDD;276529518;05100289373787
A0599NT5;276530035;07406656952389
A0599SW4;276535039;05100868244903
A059AN6I;276572153;12134732233734
A059AQ2D;276574458;19184225592063
A059G8H8;276811403;25232706157001
A059HTTR;276879181;06301591873916
A059I8JR;276897241;04104196791395
A059IPNJ;276916974;25228654095305
A059IQ7N;276917643;25237047707377
A059IZR3;276929313;25234876987658
A059JAET;276942393;24307525227215
A059K01A;276972545;22175687341651
A059N0MM;277101917;15163965264004
A059QL31;277212706;02101157640487
A059TS08;277348583;12122431235461
A059ZGQ9;277593234;02101447122560
A059ZH6V;277593815;15154413885958
A059ZPQ7;277603032;04107814749750
A059ZW49;277610874;02100578805464
A059ZW5X;277610932;02101447112220
A05A0HIR;277637106;21235745283835
A05A11R1;277660636;14416497692907
A05A130N;277662198;17153111315999
A05A18QS;277669202;16167872519476
A05A20SK;277702340;15164109930904
A05A2E5F;277718715;14416497740071
A05A2KEX;277726397;21235889862489
A05A2W20;277739420;21238205486498
A05A3LLZ;277770744;23140520922489
A05A3RHS;277776722;16163386372071
A05A4V1I;277823928;06303328429880
A05A6HUP;277894739;04107959477394
A05A6UMV;277909200;01100434117996
A05A6XSI;277913038;01100434117996
A05A79BR;277927186;24307525234851
A05A8LBB;277984746;24313892734391
A05A9AFL;278014296;02100723473288
A05A9EH5;278019250;15159623697604
A05A9F8S;278020182;15159478979824
A05A9V2J;278038339;05103473179580
A05ADFA2;278191727;09193342935072
A05ADWB7;278211367;22184949269644
A05AGDAK;278317920;30002530143754
A05AGQ3W;278332386;17152966713523
A05AH7KD;278353788;25232706168689
A05AHH60;278365535;05100144676749
A05AI9NT;278399233;05100723551148
A05AIZ33;278429133;15150361775910
A05AJ7F0;278439350;01100578843260
A05AJ7I8;278439463;01101012951874
A05AJ7YQ;278440005;19181331177771
A05AJ83Y;278440188;25228798697799
A05AJ84L;278440211;19184225533787
A05AJB6J;278443954;19185527993941
A05AJC5H;278445142;25232706078352
A05AJKID;278455393;06301591839163
A05AJKJA;278455425;06301736556907
A05AJLCL;278456416;14411432616922
A05AJLM0;278456745;02100868274373
A05AJNIC;278459067;14411287949430
A05AJNLI;278459178;02100144621757
A05AK3NT;278477633;06300144661130
A05AK4UD;278479053;09193487664506
A05AK9Y4;278485309;09197394997606
A05AKB11;278486636;09216787250271
A05AKBGQ;278487185;09201157725192
A05AKGRN;278493658;09201012999880
A05AKHYV;278495135;14411432667210
A05AKKFD;278498163;14411287975970
A05AKQ0A;278503760;02101447147856
A05AKSJ7;278506872;14406801700790
A05AKWCU;278511549;14408972464640
A05AKZG3;278515338;05105933418802
A05AL0P9;278516849;14406656984468
A05AL2N4;278519259;02100578840892
A05AL39Y;278520023;02100578864290
A05AL3GX;278520267;07406512270702
A05AL80M;278525822;12125615040033
A05AL9US;278528067;05103328461730
A05ALB62;278529687;12134732185570
A05ALF3V;278534510;14408972407178
A05ALGJW;278536296;14413892856888
A05ALHTE;278537819;14408972362060
A05ALIMJ;278538839;12125759713087
A05AM362;278562762;06301736564781
A05AM7JV;278568145;09216787228009
A05AMS8I;278592248;04103617911194
A05AMS8J;278592249;04103617922324
A05AMS8K;278592250;04103907346788
A05AMS8M;278592252;04103907375808
A05AMS8N;278592253;04104052079180
A05AMS8P;278592254;04104052061104
A05AMS8Q;278592255;04104196796990
A05AMS8R;278592256;04103762628910
A05AMS8S;278592257;04104052093690
A05AMS8W;278592261;04108538288332
A05AMS8Y;278592263;04107814749536
A05AMS90;278592265;04108393570590
A05AMS9S;278592292;04111722122205
A05AMS9U;278592294;04112011538340
A05AMS9V;278592295;04111866837534
A05AMS9X;278592297;04112011521154
A05AMS9Y;278592298;04112011555330
A05AMSA1;278592301;04112156283850
A05AMSA5;278592305;04112300956728
A05AMSA6;278592306;04112156238968
A05AMSBK;278592355;04107814747958
A05AMSYM;278593127;04103617940214
A05AMSYT;278593133;04103762658064
A05AMSZI;278593158;04107959467606
A05AMSZK;278593160;04108104159635
A05AMSZR;278593166;04108248903254
A05ANFZK;278621335;15150506481973
A05ANPBA;278631545;24313748134114
A05APBN7;278658912;22178147584462
A05AR2AZ;278733209;19181186606383
A05AR4MJ;278736064;24315629504560
A05ARBLH;278744602;24313748113194
A05ARQWT;278762113;05100144716701
A05AU7UX;278868622;14404196663814
A05AUFCC;278877807;07383357447329
A05AV80G;278911691;12134732229563
A05AVNQS;278930952;14404196726812
A05AVQBL;278932906;14408972454299
A05AVQZV;278933720;14406801630267
A05AVVPY;278939498;14408972438650
A05AVWXZ;278941004;14411287962163
A05AVY98;278942623;14413892819434
A05AW44X;278949822;05100723545838
A05AX9QN;278999548;17150795898106
A05B12CH;279162012;19181186558332
A05B15TE;279166244;04111722135808
A05B491W;279298841;19185528075201
A05B4DJB;279304351;22183067864778
A05B4XEI;279327458;30002450024852
A05B5ETW;279348786;12122431213091
A05B5RUE;279363504;30002530750136
A05B5WFP;279369149;02101157729123
A05B6TN2;279408607;25234876935694
A05B85BJ;279465779;17150795907888
A05B91AE;279503714;12128798776235
A05BAV3Q;279581880;05100289411938
A05BAXJA;279584875;16166280711111
A05BET7B;279751056;30002520137002
A05BF517;279765542;06300144676299
A05BFBJ3;279773518;01100434151649
A05BG8ZI;279813258;05103473129644
A05BGT8V;279836860;12122286525905
A05BLMLW;280044341;14408972473865
A05BMG0D;280079113;17150795877727
A05BMGTS;280080107;50016931972072
A05BMJZ5;280083970;30002520346134
A05BMQPH;280090982;05103328411804
A05BNCC8;280117503;09193342975556
A05BP0CN;280145693;25230680127299
A05BPBT2;280159707;01100723588902
A05BPD3K;280161300;12128943494015
A05BPHCR;280166521;06300144673160
A05BPJWH;280169627;30002450366173
A05BQXVM;280228397;50053944555752
A05BQXZY;280228548;30002450595100
A05BQY6A;280228770;50086940214140
A05BQYWE;280229649;25232850796109
A05BQZAM;280230147;25230824746911
A05BS2RR;280277261;15159623678598
A05BSB6S;280287587;06300144664169
A05BSREA;280306225;15159334272156
A05BSRRU;280306664;15159623707748
A05BUDI7;280376187;07401157666450
A05BV0CU;280402949;07401013008482
A05BV0NJ;280403324;04108248878911
A05BW7MN;280454743;23146309616046
A05BXC2H;280503037;12134587543634
A05BYGE1;280551216;24307525156005
A05BYTN5;280566235;25228798785673
A05BYYRD;280572473;09193342952409
A05BZ6CA;280581780;09197250320741
A05BZ93R;280585156;12128943491648
A05BZART;280587188;09193342940144
A05BZAYY;280587438;09193487657958
A05BZBP8;280588323;02100723556305
A05BZC7Y;280588978;02101447137291
A05BZCDV;280589185;02100144683397
A05BZCMZ;280589504;02100434106093
A05BZCU3;280589718;02101591820175
A05BZDKQ;280590650;02100434095384
A05BZF65;280592590;02101013015681
A05BZFEI;280592883;02101302396595
A05BZG2G;280593686;14406657018805
A05BZJBX;280597692;02100868298982
A05BZKHZ;280599129;14411432577006
A05BZKZM;280599712;14406656992568
A05BZMUT;280601993;14413892749349
A05BZQWZ;280605744;02101012918136
A05BZRAU;280606229;14406801593019
A05BZS6Y;280607318;02101591798759
A05BZSFZ;280607634;14411432654289
A05BZT38;280608413;02101157635966
A05BZUXT;280610673;25230824789659
A05C038L;280620851;23149203929739
A05C0560;280623210;12122431202187
A05C08EL;280627186;25237047707816
A05C09KP;280628624;25228654090148
A05C1UUE;280696304;01100144629066
A05C1V66;280696716;23143270563981
A05C28R7;280713342;23140520955438
A05C2D7F;280718810;50034298108605
A05C3JN4;280769584;05100868268840
A05C3T72;280780047;05103183787500
A05C46YL;280796901;02100723583857
A05C4744;280797094;02100868249060
A05C476P;280797184;02101447175750
A05C47C5;280797375;02100723561698
A05C47FG;280797491;02100723530555
A05C4D8R;280804606;21233285070633
A05C4EDB;280805991;21228364688709
A05C4EDE;280805994;25228798746428
A05C4EEM;280806037;21228364581725
A05C4EZZ;280806749;21230824868082
A05C4FUS;280807792;25237047722340
A05C4GYV;280809160;21235745256720
A05C4LRU;280815039;02100723501649
A05C4M34;280815434;23146164945859
A05C4P1W;280817841;21235745272593
A05C4PGY;280818368;21238205453103
A05C4QHL;280819616;25232706164861
A05C4QN0;280819805;21230969502030
A05C4QQS;280819902;24309695962378
A05C4R1S;280820287;25228798784111
A05C4RP1;280821066;23137915926661
A05C4RQQ;280821125;02100434147478
A05C4TLS;280823437;24313748071553
A05C4UMZ;280824704;02100723505466
A05C4VJH;280825807;21238205410476
A05C4VQT;280826028;21238205410588
A05C4XW9;280828669;16169319706321
A05C4ZPN;280830888;07401157658350
A05C501R;280831311;24305354382109
A05C70DW;280917486;07401157640814
A05C7UWL;280953631;06300289366690
A05C7X07;280956207;12134732228225
A05C9CWC;281018547;04103762593815
A05C9EHE;281020509;05100868266385
A05C9IEE;281025304;12122431205105
A05CA8IC;281056067;24305209822962
A05CB36G;281092401;30002450450992
A05CBB5U;281102179;04104196771817
A05CC4IK;281136925;22175687306884
A05CCDRN;281148233;22178147464217
A05CCKTA;281156865;01100144569647
A05CD3ZZ;281179149;21230969561080
A05CDEHJ;281192014;07383646821730
A05CE2DA;281220040;07383212714415
A05CFMTA;281287940;19182633729533
A05CGBBC;281316747;14416497739817
A05CGCLK;281318330;22183067850060
A05CH3IR;281350081;12128943475885
A05CH6RR;281354036;02100723560474
A05CHHSH;281367537;07406512244263
A05CHKIH;281370897;06301736559935
A05CHKK6;281370956;06300289381999
A05CHKLN;281371008;06301591842108
A05CLNV1;281546476;21230824843347
A05CLUCE;281553209;09193487643240
A05CM7LC;281569447;50063640574599
A05CMZU3;281602793;02100868264146
A05CS502;281780627;07401012977736
A05CTF6T;281835988;14416497755578
A05CTSXG;281851586;24313748041309
A05CTV7Z;281854404;24307380565580
A05CTVB5;281854515;24309551350968
A05CTVKG;281854841;24311866799271
A05CTVR4;281855039;24309695973833
A05CTWSA;281856305;24312011454109
A05CTX4P;281856739;24307380603842
A05CUEQU;281878304;24312011400882
A05CUF3U;281878759;24307525200564
A05CUF6Q;281878860;24311866799160
A05CUFW8;281879718;24312011478606
A05CUG64;281880064;24309695949533
A05CVI9G;281925506;24315629514462
A05CVIAD;281925538;24309696001663
A05CVIRC;281926097;24315629498244
A05CVYLY;281944318;17146020207568
A05CW39T;281950018;24315629488780
A05CWA4W;281958421;21235889849340
A05CX75R;281997651;21230969522934
A05CXAIY;282001788;30002450750916
A05CXATH;282002122;22184949305666
A05CXJGI;282012728;24305209762880
A05CXK58;282013558;06301591826894
A05CXKA0;282013725;09197395021710
A05CYN19;282059969;23137915996627
A05CYQQ0;282063250;01100578823803
A05CYSIG;282065471;23143415248001
A05CYVXV;282069650;02101591892593
A05CZK1S;282099187;23138060645568
A05CZLB7;282100742;22182923215909
A05CZMSV;282102550;23138060621408
A05D0CZX;282133422;21233285058913
A05D0DHF;282134035;21230969508861
A05D0EJ6;282135321;22180752497446
A05D0QAP;282148499;21230824891268
A05D0R9T;282149693;22180752481150
A05D0SAZ;282150959;07389724998365
A05D0XWL;282157806;21233285093802
A05D102M;282160467;23143415240916
A05D10WC;282161472;23143415187905
A05D10YT;282161558;23146164952946
A05D11L3;282162338;22180752383385
A05D11XH;282162737;23146020256717
A05D17GQ;282169535;24309695913668
A05D18BQ;282170585;22175687374509
A05D19IM;282172052;22182923225240
A05D1BNV;282174685;23149203973720
A05D1FAS;282179127;21235745250550
A05D1IIN;282183078;24312011391314
A05D1IJ7;282183097;24313892731475
A05D1NPT;282189418;22180752384613
A05D1QZD;282192203;22178002870451
A05D20RJ;282204179;21238205383904
A05D2225;282205775;09205788710054
A05D2BM7;282217502;22175687335130
A05D3BTP;282260604;12125615017307
A05D3GBR;282266136;15154558603058
A05D3HYI;282268123;25228654122438
A05D3NQ0;282275175;06301736552203
A05D3NQD;282275188;06301591834445
A05D44H7;282294502;05100578821227
A05D45LA;282295870;24313748065806
A05D47YK;282298750;14416497746689
A05D4U3A;282324640;30002520884645
A05D5IJ8;282354598;16163530903535
A05D5U8F;282367695;24309695976424
A05D6CZ2;282390642;16163386394665
A05D6GM3;282395123;02100434147917
A05D6GQI;282395243;02100723583521
A05D6GQX;282395257;02100578819071
A05D6GS7;282395302;02100578865741
A05D6GUK;282395385;02100144712323
A05D6H3J;282395699;02101447067310
A05D6H3V;282395710;02101302454763
A05D6H56;282395756;02101157736983
A05D6H5M;282395772;02101013019173
A05D6H77;282395827;02100868301394
A05D6HDG;282396046;02101591890354
A05D6HF7;282396107;02101447172508
A05D6HZ2;282396767;02100434101263
A05D6IJ5;282397470;12137916017583
A05D6INK;282397625;04112156255070
A05D6KKN;282399973;02101302440932
A05D6ML2;282402437;23149204029987
A05D6MM2;282402472;19185383499306
A05D6NKL;282403646;14413748178639
A05D6SLL;282408581;02101302440932
A05D6TJJ;282409734;06303183761201
A05D6UE7;282410772;30002520964632
A05D6VWY;282412618;12125615029987
A05D6VY3;282412658;06300289355236
A05D800U;282460529;07390014377885
A05D96V4;282511779;19181331178908
A05D97A5;282512305;19184225534903
A05D97DU;282512434;19185527995192
A05D9FC3;282522173;23140520870834
A05D9HQJ;282525094;24309551313738
A05D9I81;282525706;09211287971827
A05D9SS1;282537396;14404052072334
A05D9TC3;282538098;14404052046568
A05DA75W;282555031;17152966665033
A05DAJZL;282570736;25237047719510
A05DAPII;282576298;25228654087317
A05DAPXV;282576800;25239507823395
A05DAS96;282579646;25230680093534
A05DAUZE;282582979;25237192377204
A05DAUZP;282582989;17155282165035
A05DAYGT;282587263;30002450156252
A05DAZ4G;282588056;30002450098208
A05DBDR7;282605967;06300144634138
A05DBUZW;282625871;07394934849853
A05DBXUR;282629366;02100289320373
A05DC5TB;282639116;02101591793817
A05DC9XU;282644174;02101302380299
A05DCCXL;282647841;01100723524694
A05DCILY;282654818;02101157630912
A05DCL0G;282657741;02101013021329
A05DCM6R;282659186;07390014376659
A05DCPB8;282661793;02100723585760
A05DCPBB;282661796;02100723585760
A05DCPTU;282662409;04104196756079
A05DCQYC;282663792;17146020182916
A05DCWCF;282670410;15154703312274
A05DCWGG;282670551;12137771328182
A05DDIHM;282697542;06301591854350
A05DDJK6;282698856;21235889920903
A05DDJVA;282699210;21230969481531
A05DDP26;282704351;16166280698808
A05DE86E;282727774;50082489135427
A05DEAYY;282731188;16164833570275
A05DEGZ9;282738549;06303328443301
A05DEJC5;282741450;16169319636124
A05DEY0R;282758201;15159623732499
A05DF0AT;282761003;17155282166373
A05DF204;282763079;01100723581067
A05DF22Z;282763179;01100434004063
A05DFPLV;282790790;22173371791305
A05DFQLK;282792005;15144717774870
A05DFR4J;282792634;14404196757520
A05DFSGW;282794291;21235889930580
A05DFUQQ;282797050;21238205490557
A05DFVGB;282797946;06303328439232
A05DFY6J;282801279;14404052039706
A05DGBU8;282817998;23140376259161
A05DGQNF;282834945;23140520925407
A05DH96P;282857634;22175687316562
A05DH9B6;282857791;22182923235477
A05DH9J2;282858067;22182923268314
A05DHCSM;282862042;22173227089407
A05DHDAE;282862664;22173227192242
A05DHDQL;282863196;22180752449299
A05DHHIP;282867854;22180752501389
A05DHKFW;282871431;22180752415014
A05DHR87;282878512;12132127285657
A05DHRPN;282879088;21228364636072
A05DHU1H;282881952;12134732206079
A05DHVHT;282883748;19182633774198
A05DHYTM;282887802;21228364606377
A05DHYXZ;282887954;25237047706039
A05DHZH2;282888622;04112156258009
A05DI1E1;282890966;30002450602653
A05DI6UB;282897626;02100578825481
A05DIN1V;282917490;19185528033587
A05DIQM5;282920650;14406656979723
A05DIQVC;282920937;14413892815505
A05DIQVN;282920948;14411432667109
A05DIQZQ;282921090;14411432612991
A05DIRCC;282921532;14411432571599
A05DIREZ;282921624;14404196737176
A05DISYN;282923503;14408972411786
A05DIX4M;282928612;19182633695441
A05DIZ2J;282930989;15150506472647
A05DIZ4W;282931071;15150361754889
A05DJ1X4;282934474;23137915982021
A05DJ3V7;282936857;16167872452437
A05DJ4SB;282937981;19185528124816
A05DJ7BD;282941098;04104341489579
A05DJDYK;282949225;09197250331219
A05DJED8;282949738;09197395015748
A05DJEEM;282949787;09197395023848
A05DJEUM;282950312;09197250359869
A05DJF6L;282950731;09193487661791
A05DJFR2;282951412;09197395000904
A05DJS0Z;282965234;12122431252562
A05DJUPZ;282968524;04112156250801
A05DJW7E;282970359;16166425267075
A05DKELN;282992908;19188567242002
A05DKEZS;282993367;19181186634287
A05DKFYH;282994547;19186975346280
A05DKIK1;282997751;30002450260438
A05DKNS7;283004127;07394934874066
A05DKNSE;283004134;07395224309693
A05DKVQX;283012657;19181186596138
A05DKYK4;283016129;19182633818082
A05DKYL2;283016162;19186975263152
A05DL17Q;283019370;06303183718446
A05DLD1R;283033861;14416497675031
A05DLWW1;283056936;19184081006845
A05DMI5F;283082990;23146309553597
A05DN5BH;283110152;25232850793069
A05DN5BK;283110155;25232706075212
A05DN5DY;283110238;01101302432281
A05DN62Q;283111070;16169319726013
A05DN6J6;283111646;01100578843483
A05DN6VV;283112055;01100723444260
A05DNAZK;283117085;50095462842539
A05DNBBS;283117512;01100434129252
A05DNBBY;283117518;01100723564842
A05DNBC6;283117526;01100578847087
A05DNBCJ;283117539;01100434141389
A05DNBE0;283117590;01100868282697
A05DNBIC;283117742;01101013000400
A05DNBLE;283117849;01101302436009
A05DNBM4;283117874;01100578712189
A05DNBRC;283118022;01100144629178
A05DNBW1;283118186;01101012947591
A05DNC45;283118470;01100434105631
A05DNC78;283118578;01100723522567
A05DNCA5;283118680;01100289382564
A05DNCA7;283118682;01100289383802
A05DNCA8;283118683;01100434101698
A05DNCA9;283118684;01100578819409
A05DNCC6;283118751;01100723541246
A05DNCDZ;283118814;01100578732676
A05DNCIB;283118966;01100289346908
A05DNCMW;283119126;22178147537778
A05DNDY3;283120708;16169319639590
A05DNDYT;283120733;16164978122306
A05DNE71;283121021;16161939188707
A05DNEI0;283121405;21230969532285
A05DNEIE;283121419;21233285041288
A05DNEIJ;283121424;21230969493908
A05DNEMD;283121558;21240665644815
A05DNFQC;283122887;25234876959205
A05DNG4A;283123375;19186975253698
A05DNHH0;283125045;19184081039131
A05DNI9E;283126004;19182633678239
A05DNIJM;283126362;19185528075649
A05DNJ0C;283126912;01100434001889
A05DNJIN;283127553;19182633715375
A05DNJS7;283127852;19181186551597
A05DNJUN;283127938;19186975365957
A05DNJWZ;283128019;19188567198653
A05DNJYB;283128066;19186975295861
A05DNKN9;283128939;19181186651388
A05DNKP2;283128967;16167872548057
A05DNKWW;283129241;19188567137587
A05DNL06;283129356;19185528102009
A05DNL1L;283129406;19184225560780
A05DNL23;283129423;19184225554268
A05DNL8J;283129649;19182633766651
A05DNLHU;283129974;19188567203967
A05DNRU8;283136498;24313892748773
A05DNRZ5;283136670;24309696014707
A05DPNMV;283175475;14416497708660
A05DPQGF;283177700;01100578855299
A05DPUQ0;283182900;19182633790075
A05DQ99N;283200738;01101447068546
A05DQQ0H;283220017;05100723576007
A05DQZQB;283231911;09201013004441
A05DR4N6;283237961;09197250327373
A05DR9TC;283244267;09201157717531
A05DSLVZ;283301934;15159334268424
A05DSMCE;283302509;22182923231548
A05DT03E;283318119;25237047713340
A05DT045;283318145;25230824740630
A05DT0B1;283318386;25228798747542
A05DT0FC;283318537;25232706128105
A05DT0T7;283318987;25237047693741
A05DURCG;283393161;30002450958805
A05DURCP;283393169;30002450839550
A05DURCU;283393174;30002451003063
A05DURFU;283393279;24309551368280
A05DUV0J;283397644;24305209746579
A05DUVG0;283398185;24305209767712
A05DUW1I;283398903;24315629468762
A05DUW1V;283398915;24305209787189
A05DUX14;283400114;24305209827355
A05DUX2U;283400174;24313748154020
A05DUZAW;283402906;24312011469920
A05DV04M;283403912;24307380562226
A05DV0G2;283404312;24305354379603
A05DV0HM;283404367;24305209808676
A05DV2AT;283406578;24315629490160
A05DV3CC;283407857;24312011409092
A05DV3Y0;283408580;24313892785678
A05DV40A;283408660;24315629429517
A05DV4IN;283409303;24313748137917
A05DV4UR;283409691;24309551313626
A05DV595;283410195;24315629425362
A05DV5DM;283410352;24307525206622
A05DV5SL;283410841;24313892746310
A05DV5SQ;283410845;24313748142102
A05DV7C5;283412750;24307525202478
A05DV87D;283413808;24312011390086
A05DV8E0;283414040;24315629469551
A05DVKDU;283428734;24312011499626
A05DVLU4;283430494;24313748078848
A05DVLV6;283430531;24312011469707
A05DVM8N;283431003;24309551366928
A05DWIQU;283469579;24315629506474
A05DWL0J;283472369;24311866831476
A05DWLXE;283473484;24315629514574
A05DWM2I;283473663;24313748183150
A05DWQ5S;283477452;24307380554787
A05DWVXY;283484528;24312011413814
A05DWY7H;283487312;24305209820835
A05DX1G7;283491292;22180752445606
A05DX94C;283500677;24315629465409
A05DXFHB;283508481;04107814742577
A05DXG4J;283509259;24313748067821
A05DXJ8N;283513078;24315629454820
A05DXLN0;283516030;16169319625433
A05DXLU1;283516241;16167872449167
A05DXLZV;283516445;16169319648704
A05DXXRM;283529632;16166425286305
A05DXXZB;283529901;16161939162396
A05DXY7E;283530184;16163386358448
A05DY3YW;283537236;22180897088283
A05DY4A4;283537629;06301591836684
A05DYIII;283555073;07406656971751
A05DYJH1;283556246;02101157726319
A05DYVZW;283570346;21228364532903
A05DYW6C;283570572;21228509250771
A05DZ3E7;283579422;05100723490053
A05DZ4HE;283580759;07406512253927
A05DZ5JX;283582072;02100868251002
A05DZ7LC;283584572;07406512268435
A05DZAC2;283587922;07390014376760
A05DZB3T;283588858;02100144608473
A05DZDBR;283591586;22182923227816
A05DZE8G;283592696;22180752448950
A05DZF99;283593949;22173227123515
A05DZHZ4;283597269;07383357357989
A05DZKYT;283600933;22182923233787
A05DZLKX;283601707;21238350053738
A05DZMUQ;283603240;07383502087574
A05DZUXG;283611911;07383502077560
A05DZVI2;283612632;07406367550671
A05DZWID;283613868;02101012968847
A05DZY23;283615748;19184080989706
A05DZZ32;283617007;07411866841817
A05E024T;283620743;24313748082244
A05E02AR;283620951;06303183685143
A05E02J1;283621241;06301591811499
A05E039Z;283622149;05101012931308
A05E03J1;283622466;05106078058477
A05E03ZW;283623021;14408972457553
A05E04LR;283623786;22183067852637
A05E06XM;283626617;01101302399849
A05E08FQ;283628475;19186975279448
A05E093M;283629277;04108538287767
A05E09PS;283630017;07406656918006
A05E0BXG;283632736;22178147467806
A05E0C8R;283633131;07401012995738
A05E0EAR;283635651;07406367536161
A05E0FXZ;283637654;07406222832827
A05E0GF2;283638252;07383212708778
A05E0HYT;283640133;24305209757709
A05E0I1Y;283640243;21240665676200
A05E0I21;283640246;24305209829606
A05E1C89;283675989;30002450028344
A05E1D9E;283677254;12132127286660
A05E1WJ2;283699642;16161939125278
A05E1XSC;283701157;16163386378241
A05E1XVX;283701282;16161939096679
A05E1Y45;283701570;16169319706982
A05E1ZZ5;283703845;15150361764120
A05E241A;283708820;23146309547402
A05E2THC;283738782;16164978082577
A05E2VNR;283741456;07383357357430
A05E2WVT;283742928;25239507913947
A05E3D7L;283762941;22182923244254
A05E3E03;283763903;05100723532682
A05E3HT1;283768556;12125759733655
A05E3TLC;283781797;04104196810206
A05E4WSI;283828563;30002450260098
A05E5E3L;283849776;15145007203676
A05E5HCA;283853755;14408972464539
A05E5KLS;283857762;14411432671605
A05E5N3A;283860790;23140376255568
A05E5NCN;283861118;50027206891372
A05E61F3;283877128;14408972496912
A05E6A13;283887663;19185528057423
A05E6DYK;283892475;07412011530592
A05E6JH4;283899249;21230969561191
A05E6Z4W;283917196;07406367551989
A05E7XRG;283958376;06300289427123
A05E7XRS;283958387;06300289332628
A05E7YCC;283959107;06300289426883
A05E7Z30;283960005;12128943464869
A05E7ZXV;283961050;12125615009746
A05E80MT;283961923;12128798779698
A05E82FL;283964121;12122431193056
A05E82IK;283964225;12132127331682
A05E82JV;283964270;12134587534206
A05E82JZ;283964274;12134732207081
A05E872D;283969783;19181331191305
A05E89Z5;283973345;19182633710321
A05E89Z7;283973347;19182633660030
A05E89ZA;283973350;19182633723802
A05E89ZD;283973353;19182633768890
A05E8A3D;283973493;19184080957007
A05E8A3N;283973503;19184225555821
A05E8AAX;283973757;19185528107276
A05E8AAY;283973758;19185528016049
A05E8AHJ;283973989;19186975194070
A05E8AHS;283973997;19186975257842
A05E8AHV;283974000;19186975199237
A05E8AHW;283974001;19186975313007
A05E8ALS;283974137;19188567153675
A05E8EM8;283979053;09201013014780
A05E8EQ5;283979155;09201157732505
A05E8F7Y;283979778;09211577387306
A05E8GD9;283981189;06303183740170
A05E8GDA;283981190;06303183713728
A05E8GDB;283981191;06303328462967
A05E8GDG;283981196;06303183752536
A05E8GDI;283981198;06303183762763
A05E8GDJ;283981199;06303183766806
A05E8H62;283982162;14406657015430
A05E8H6I;283982178;14408972431580
A05E8H9G;283982281;14413892831591
A05E8HCB;283982381;06301591795832
A05E8HCE;283982384;06301591849390
A05E8HCF;283982385;06301736506857
A05E8HCG;283982386;06301736562105
A05E8HCH;283982387;06301591866930
A05E8HCJ;283982389;06301591844347
A05E8HCK;283982390;06301736567159
A05E8HQT;283982853;09201157701246
A05E8HRG;283982876;09206078137787
A05E8HRH;283982877;09205933419917
A05E8HT9;283982939;09201157705502
A05E8HUP;283982989;09201012983158
A05E8HV1;283983001;09211287978560
A05E8HV8;283983008;09211432696340
A05E8HZ9;283983149;09205788703292
A05E8HZK;283983160;09205933397191
A05E8I1U;283983239;09201012983483
A05E8I40;283983315;09216642543006
A05E8I4G;283983331;09205933425888
A05E8IQC;283984062;06303328470304
A05E8JUK;283985435;06300144628490
A05E8JUM;283985437;06300144678764
A05E8JUN;283985438;06300144693075
A05E8JUQ;283985440;06300144698456
A05E8JUR;283985441;06300289374240
A05E8JUS;283985442;06300289366701
A05E8JUT;283985443;06300144708040
A05E8JUU;283985444;06300289416219
A05E8JUV;283985445;06300289377820
A05E8JUW;283985446;06300289396509
A05E8JY9;283985564;09205788708012
A05E8K5C;283985812;09206078143648
A05E8K7P;283985894;09201013008921
A05E8KDD;283986093;09201013020641
A05E8KE5;283986120;09205933417340
A05E8KIF;283986270;09201157726756
A05E8KKJ;283986344;09206078139702
A05E8KMH;283986412;09211287975970
A05E8KN7;283986437;09206078129898
A05E8KPN;283986488;09216787252309
A05E8KT3;283986608;09211432682294
A05E8KU3;283986643;09211577403748
A05E8KZG;283986831;09201013021766
A05E8L0K;283986870;17155282137579
A05E8L1S;283986912;09205933391808
A05E8L3M;283986977;17150651227859
A05E8LAA;283987210;09211577386629
A05E8LG2;283987412;09211432693750
A05E8LKZ;283987584;09211432686001
A05E8LL4;283987589;09216642544232
A05E8LPH;283987707;09201013009934
A05E8MMV;283988875;17150795897856
A05E8MMZ;283988879;17145875506099
A05E8MVW;283989156;17145875506640
A05E8N4R;283989466;17150795874709
A05E8N68;283989518;17152966644664
A05E8N6J;283989529;17145875509342
A05E8N9R;283989641;17148480375963
A05E8NSX;283990277;17145875499646
A05E8NTG;283990296;17148335675009
A05E8NW0;283990385;17146020150970
A05E8NX4;283990424;17157308198874
A05E8P66;283990741;07401012937690
A05E8PAS;283990902;17155282143653
A05E8PDY;283991013;17148335687790
A05E8PEL;283991036;17157308178633
A05E8PK2;283991227;17152966696302
A05E8PLH;283991277;17152966705096
A05E8PLK;283991280;17150651220239
A05E8PLT;283991288;17148335717404
A05E8PN8;283991338;17155426817511
A05E8PPK;283991385;17152966637241
A05E8PPV;283991395;17157308171237
A05E8PRJ;283991454;17146020147699
A05E8PUT;283991568;17153111327704
A05E8PXC;283991657;17148480360579
A05E8Q4E;283991904;17150795877615
A05E8Q65;283991965;17155426825611
A05E8Q6E;283991974;17155426817959
A05E8Q8K;283992050;17150795833863
A05E8U0V;283996680;19188567196526
A05E8V2Y;283997978;50067692753809
A05E8VCB;283998306;19182633719631
A05E8VF5;283998405;19184080952165
A05E8VF6;283998406;19184081033736
A05E8VL8;283998618;19186975275519
A05E8VLA;283998620;19186975280030
A05E8VLB;283998621;19186975352039
A05E96GS;284011937;06303039071369
A05E97BY;284012993;06301591821627
A05E9NCD;284032608;06300144658635
A05E9NCF;284032610;06300289376480
A05E9UF2;284040052;50099999945436
A05EA24V;284049495;23151808884004
A05EA9XD;284059033;30002521274915
A05EB62X;284097202;21233429718398
A05EB6TI;284098098;04108104164605
A05EB9YJ;284101949;21230969515735
A05EBA1D;284102048;21228364595332
A05EBJLT;284113788;23146020256930
A05EBJM5;284113800;07401157669590
A05EBJWB;284114121;23143270618778
A05EBK3R;284114381;23143270527001
A05EBK76;284114501;23146164974765
A05EBKAI;284114618;23149203896212
A05EBKTL;284115251;23146309632807
A05EBKTU;284115259;23151808826842
A05EBKZK;284115460;23151808879819
A05EBL92;284115792;23151808887581
A05EBLH3;284116073;23143415221249
A05EBLKA;284116185;23149059330790
A05EBUC9;284125704;16164978143000
A05EBULW;284126041;16166280693976
A05EBUWM;284126382;16163386375762
A05EBV5W;284126706;16166280689919
A05EC93V;284143785;16167872479299
A05ED3VH;284180242;09193342977795
A05ED4UU;284181444;15139797371265
A05ED52T;284181723;15144862494214
A05ED5JA;284182300;02100144662255
A05EDPVH;284205967;19186975248516
A05EE7U7;284227972;24307380562999
A05EFXTW;284301461;23138060648047
A05EFY4Q;284301840;23143270555119
A05EFY6G;284301901;14406801662752
A05EFYB6;284302066;23143415197919
A05EFYBD;284302073;23137915930281
A05EG4PW;284309896;21230824882818
A05EG4WK;284310130;21233285037119
A05EG54C;284310402;21235889876903
A05EG5A0;284310600;21240665632235
A05EG5A1;284310601;21240665636603
A05EH93A;284358140;14406801647453
A05EILHZ;284416229;17150651210113
A05EIM9L;284417161;24309696005706
A05EIYBW;284430716;14406656944972
A05EJ3JI;284437108;19185528085540
A05EJ5P9;284439724;19182633766763
A05EJ5R3;284439788;19184080946855
A05EJ601;284440101;19182633761821
A05EJCYK;284448625;19188567191694
A05EJN42;284461067;14404196730005
A05EL47E;284523659;21240665678551
A05EL4AX;284523782;21238205475910
A05EL64H;284526007;21240665653816
A05EL8ST;284529273;21230969558889
A05ELAB4;284531139;21233429728188
A05ELBE3;284532468;19185528066312
A05ELBXS;284533122;21235889942722
A05ELCC5;284533625;21230824841006
A05ELCZ1;284534391;02100144640009
A05ELEL8;284536393;07389725003475
A05ELGB4;284538489;21235889930703
A05ELGTL;284539101;21233285024402
A05ELHT9;284540314;21238205499206
A05ELIGD;284541123;21240665649106
A05ELIQ9;284541434;21233285039134
A05ELIRT;284541488;21238205446565
A05ELJVC;284542837;21228364617170
A05ELL8P;284544529;21233285094030
A05ELYRD;284559848;12132127312017
A05EM27M;284564092;12132127297798
A05EMQAH;284592367;12132127310764
A05EMRQH;284594117;12132127291304
A05EN60R;284611626;12131982594215
A05ENH76;284625326;24315629465510
A05ENHNN;284625903;12134732202802
A05ENK9Z;284629099;23143270593898
A05ENRX1;284637221;04112156250790
A05ENYBX;284645092;12131982592962
A05EP00L;284647146;06301736554442
A05EP3M1;284651571;09193487649960
A05EP5P1;284654091;02100144665610
A05EPG9Z;284667074;01100289274450
A05EPSSU;284681174;24313748063789
A05EQ2AA;284692810;14411432609611
A05EQGHV;284710225;16163530911859
A05ER8VP;284743749;14408972404038
A05ESAUR;284789041;12137916001074
A05ETP37;284848137;22178147564669
A05EVQ4G;284935156;25228798701226
A05EVX7G;284943836;19181186588798
A05EX9TY;285002163;06300144666489
A05EXBGM;285004182;12134732180199
A05EXC84;285005109;12137916042347
A05EXD2N;285006143;06300289342192
A05EXI6L;285012406;22182923260342
A05EXIT6;285013161;21235745273382
A05EXITU;285013184;21238205459934
A05EY7JF;285042255;05100868274048
A05EY7XU;285042724;22173371811005
A05EY81F;285042850;22175687295840
A05EYZSW;285075626;19186975305232
A05EZ77M;285084717;23149203930320
A05EZLKB;285102311;09211287980502
A05EZLPN;285102463;01100434037897
A05EZN9E;285104379;17155282129580
A05EZP2T;285105373;05106078111927
A05EZPFI;285105818;12134732197497
A05EZPKV;285106005;09211432698366
A05EZU5D;285111588;12134732226096
A05EZV7M;285112892;09193487619603
A05F0281;285121481;24311866806598
A05F02AJ;285121569;24312011480302
A05F03CV;285122875;02100578871051
A05F064K;285126260;24307525230595
A05F08ZW;285129771;19185528021558
A05F09EE;285130279;01100144583270
A05F0JJR;285142716;01100578856527
A05F0KZP;285144464;06303183745113
A05F0LR1;285145386;01100578772385
A05F0LRB;285145396;01100434054550
A05F0PFY;285148708;12137915971880
A05F0ZD7;285160862;19185528122799
A05F18TG;285172421;21233429742250
A05F1NIP;285190454;16161939092638
A05F1NIZ;285190464;16161939100868
A05F1NJK;285190485;16161939118292
A05F1NUF;285190830;16164833560048
A05F1NUX;285190847;16164978126908
A05F1NV6;285190856;16164978166493
A05F1P7I;285191288;16169319633421
A05F1P7Y;285191303;16169319672453
A05F1ST9;285195689;16163386382085
A05F1STE;285195694;16163386394553
A05F1STL;285195701;16163530909929
A05F1SUW;285195746;16166280725491
A05F1TXL;285197066;16167727916037
A05F1TXT;285197073;16167872517898
A05F1X6A;285201045;09211287968221
A05F1Y69;285202269;50049745601505
A05F1YQK;285202945;50037732726498
A05F1ZNZ;285204114;50034114988070
A05F20R6;285205416;05106078087822
A05F2513;285210663;01100723429959
A05F261Z;285211919;19181186677687
A05F265L;285212046;19185528010979
A05F2667;285212067;19186975203314
A05F2EP5;285222495;19188567201065
A05F2GRS;285225037;12125615046539
A05F2HYI;285226498;22175687302518
A05F2J3Q;285227905;16163386378802
A05F2LW0;285231310;19184081033400
A05F2N5J;285232869;23149203976423
A05F2P98;285234223;17155282191798
A05F2Y40;285245065;01100144664608
A05F2Y47;285245072;01100289382452
A05F2Y4E;285245079;01100578818069
A05F2Y81;285245206;22180752481262
A05F2YI4;285245559;01100868241640
A05F2YPK;285245785;01100723535824
A05F2YPU;285245794;01100868253679
A05F2YR5;285245840;01101012960438
A05F34UN;285253313;04111722138598
A05F3AR4;285260539;05100868250640
A05F3B7T;285261123;06303328403918
A05F3FH3;285266348;21235745283947
A05F3FKX;285266482;01101157643517
A05F3J2V;285270750;22182923248295
A05F3LGP;285273684;25232706221690
A05F3LVF;285274165;25237047685204
A05F3MEP;285274839;25237192378532
A05F3RWJ;285280329;07406222827643
A05F3RZQ;285280440;07395224219918
A05F3WUG;285286381;05103328478815
A05F3WUM;285286387;05101012927249
A05F3X8J;285286874;05103473160592
A05F3XBB;285286971;05101012926124
A05F3XF3;285287103;05100434085482
A05F3XFU;285287129;05100434117884
A05F4U1E;285325824;25230680121670
A05F4VF8;285327533;15139942058310
A05F4VF9;285327534;15139797358420
A05F4VMG;285327786;15163965250273
A05F4VMK;285327790;15163965263978
A05F4W81;285328506;15150361762216
A05F4W9Z;285328574;15150506480084
A05F4XD8;285329913;15144717775333
A05F4XD9;285329914;15144862464305
A05F4XDA;285329915;15145007200973
A05F4XDB;285329916;15144862493199
A05F4XDC;285329917;15144862483196
A05F4XDD;285329918;15145007210987
A05F4XDW;285329936;15144717765320
A05F4XS4;285330399;15154413891819
A05F4XS5;285330400;15154558579177
A05F4XUJ;285330484;15154558609665
A05F4XUM;285330487;15154703296932
A05F51P3;285335193;05106078114843
A05F52SN;285336543;05106078055774
A05F533G;285336921;05103473148008
A05F533L;285336926;05103328430258
A05F535W;285337006;05103473167440
A05F55EV;285339770;05100289345446
A05F55G9;285339819;05100289342418
A05F55II;285339898;05100578780700
A05F55PW;285340121;05100868285727
A05F5734;285341809;05100578846399
A05F5735;285341810;05100578862162
A05F5736;285341811;05100578835609
A05F5737;285341812;05100144692949
A05F573L;285341826;05103328500343
A05F57T1;285342681;05100144677198
A05F57T9;285342689;05100868297756
A05F57TA;285342690;05100868276287
A05F57TB;285342691;05100289410701
A05F57W7;285342792;05103183782567
A05F57WJ;285342804;05105933420722
A05F57WK;285342805;05106078117007
A05F58HT;285343548;05100289362008
A05F58L8;285343668;05101012934448
A05F59UA;285345175;05100289354223
A05F5A15;285345415;05100434112729
A05F5AC2;285345797;05100289394593
A05FASLZ;285581344;22175687253239
A05FAWWD;285586573;23146309567755
A05FAYR1;285588836;12128798811244
A05FBXNL;285630401;02100868237806
A05FBZVC;285633087;19181186578797
A05FC0XW;285634401;24307525213494
A05FCAPN;285646363;06303328457907
A05FCARV;285646440;22173371784310
A05FCQDH;285664347;12134587526421
A05FCRG6;285665666;12125615012353
A05FCRHX;285665727;12125759738150
A05FCRVC;285666162;12122431219485
A05FCRVK;285666170;12125614996776
A05FCRXN;285666243;12125759730188
A05FCS4H;285666482;12128798805058
A05FCSAY;285666708;12137916033346
A05FCSHC;285666932;12137915971778
A05FCSJ9;285666999;12131982603560
A05FCSQD;285667213;12125614988015
A05FCSVG;285667391;12132127293310
A05FCSW7;285667417;12122431166277
A05FCTBG;285667951;12125759675698
A05FCTW5;285668640;12125615044737
A05FCUBU;285669189;12128798788376
A05FCUY2;285669932;12128943506174
A05FCV95;285670320;12137771337734
A05FCVAS;285670377;12128943497480
A05FCVCX;285670452;12125615020341
A05FCVIM;285670652;12125614990382
A05FCVJJ;285670684;12122286533119
A05FCVKJ;285670719;12125759708129
A05FCVQZ;285670909;12134587548464
A05FCVRH;285670927;12134732223832
A05FCVSU;285670974;15144717776907
A05FCVT3;285670983;12132127264952
A05FCW04;285671229;12125615039116
A05FCWAU;285671604;12122431250984
A05FCWHX;285671852;12132127263498
A05FCWKE;285671939;12125759727570
A05FCWM6;285672001;22182923220633
A05FD5WY;285683368;19184080974289
A05FD5Y2;285683407;19182633796245
A05FD6QA;285684360;19181186655319
A05FD6YR;285684656;19184081011366
A05FD6ZZ;285684699;19181186568010
A05FDB6P;285689834;21240665644927
A05FDK8Y;285700938;06303328460504
A05FDWKF;285714815;22180752482275
A05FDXU6;285716346;23140520959031
A05FE8M4;285729574;12125615044849
A05FEKMN;285744293;05100723551036
A05FEYQG;285760316;01100289303160
A05FEZ7Q;285760920;22175687266270
A05FF5Q5;285768880;02100434148155
A05FF9DA;285773365;02100723554615
A05FF9F9;285773434;02101157708091
A05FF9FK;285773445;02100434119025
A05FF9FZ;285773459;02101012990245
A05FFUCD;285797833;07406222807299
A05FG0TN;285805753;06300289369506
A05FGXQM;285844847;21230824865829
A05FH16X;285849092;24313892728105
A05FH44G;285852681;23143270555007
A05FHB1T;285861163;23140520973216
A05FHBAH;285861467;23137915926448
A05FHBG3;285861663;23149204044625
A05FHBLY;285861868;23143415272850
A05FHBUF;285862130;22173371782406
A05FHBVE;285862164;15139797382405
A05FHCQ0;285863200;06303183717870
A05FHIYB;285870841;14413892882654
A05FHKTM;285873127;06300289356462
A05FHL1Y;285873418;06301591879289
A05FHNIV;285876460;06300144701205
A05FHQ1G;285878301;24305209800480
A05FHSD7;285881162;14408972470949
A05FI20L;285892971;21233429754729
A05FICX6;285906326;30002450748211
A05FIDD2;285906882;23137916009810
A05FIJ0Z;285913809;15154558580310
A05FIJCU;285914224;15154703298183
A05FINEQ;285919190;25239507897729
A05FJX49;285972724;25239507866795
A05FLGF6;286039256;19185528101982
A05FM9TL;286074026;09197250315781
A05FMA3M;286074377;12122431168843
A05FMA5Y;286074458;12128798783983
A05FMA5Z;286074459;12128943501781
A05FMA7C;286074507;12131982618517
A05FMA8F;286074545;12134587538999
A05FMA9H;286074582;12137915975046
A05FMD0R;286077951;19186975298239
A05FMD0S;286077952;19186975309600
A05FMDFZ;286078484;19188567194061
A05FMDG0;286078485;19188567205433
A05FMDWT;286079038;25239507841173
A05FMDWV;286079040;25239507862642
A05FMDWW;286079041;25239507883011
A05FMDWX;286079042;25239507910368
A05FMEDW;286079636;19181186586236
A05FMENZ;286079989;19182633764209
A05FMEPD;286080003;19184080953617
A05FMF0L;286080396;19185528120224
A05FMG91;286081916;25232706179370
A05FMG92;286081917;25232706187919
A05FMG9Q;286081940;25234876926705
A05FMG9R;286081941;25234876971913
A05FMGIJ;286082249;25237192377855
A05FMGY4;286082759;17146020158402
A05FMH4I;286082983;25230680130121
A05FMH4J;286082984;25230680138754
A05FMH4K;286082985;25230680154180
A05FMIBB;286084446;16161939098033
A05FMIDW;286084536;23137915941859
A05FMIDX;286084537;23137915980220
A05FMIDY;286084538;23137916005005
A05FMIDZ;286084539;23137916006679
A05FMIE0;286084540;23138060659614
A05FMIE1;286084541;23138060698095
A05FML85;286088010;23140520845521
A05FML86;286088011;23140520900660
A05FML87;286088012;23140520927095
A05FML88;286088013;23140665541110
A05FMLFV;286088280;23143270562104
A05FMLFW;286088281;23143415193764
A05FMLFX;286088282;23143415244408
A05FMLNZ;286088564;23149203899790
A05FMLP0;286088565;23149203921218
A05FMLP1;286088566;23149203956406
A05FMLP2;286088567;23149204026735
A05FMLP3;286088568;23149348608663
A05FMM14;286088989;23146164835729
A05FMM15;286088990;23146164882637
A05FMM16;286088991;23146164900108
A05FMM17;286088992;23146309572827
A05FMM2B;286089031;23151808829006
A05FMM2C;286089032;23151808829108
A05FMM2D;286089033;23151808880400
A05FMRJ7;286094522;16169319729153
A05FMTMN;286097093;25239507826313
A05FMXYV;286102385;06303183721490
A05FN4AA;286110135;04103762640853
A05FN4JE;286110454;25230680172181
A05FNMAU;286132204;25228654049308
A05FNYKE;286146014;50019936144174
A05FP08R;286148056;19181331191519
A05FP6B3;286155488;06303328403367
A05FPDUQ;286164715;25239507821370
A05FPGB9;286167744;25232706150929
A05FPNY3;286177083;19184081028339
A05FPPLI;286177903;25230824788534
A05FPPYS;286178332;25228654119505
A05FPS9A;286181150;25230680168785
A05FPS9P;286181164;25230680168785
A05FPTH2;286182647;25237047733580
A05FPU6T;286183513;06300289331940
A05FPUMU;286184074;06300144704559
A05FPUNG;286184096;06300289422303
A05FPUXN;286184418;06300144715240
A05FQ2TH;286194072;12134732192880
A05FQ34H;286194457;19185528014684
A05FQCH0;286205920;06301736558260
A05FQCRM;286206257;06301591840418
A05FQEIQ;286208430;06303039071257
A05FQKDP;286215604;04112156252480
A05FQKDX;286215612;04112011562539
A05FQKLK;286215880;04103762611835
A05FQKNC;286215942;04112300957078
A05FQKNK;286215950;04112156239208
A05FQKP0;286215965;04108393573070
A05FQKPG;286215981;04112156280383
A05FQKVB;286216186;04112011534635
A05FQKZF;286216330;04103907321491
A05FQKZK;286216335;04104052039257
A05FQN6I;286219028;06303183682664
A05FQPD8;286220488;04103762630738
A05FQPDG;286220496;04104196765293
A05FQPF5;286220555;04103907329687
A05FQPF8;286220558;04107959439926
A05FQPGJ;286220604;04104341483073
A05FQPGN;286220608;04112011533071
A05FQPIK;286220675;04108248877460
A05FQPK6;286220731;04108393595226
A05FQPKJ;286220744;04103907348580
A05FQPTV;286221035;04108248889598
A05FQR6C;286222697;06303183784470
A05FQR6T;286222713;06303183789087
A05FQW62;286228812;25232706157774
A05FQWR5;286229515;15139797353702
A05FRMZT;286261668;22175687299443
A05FRNJV;286262370;02100868241426
A05FS0UW;286277421;05103328447007
A05FS0V5;286277430;05100723571277
A05FS0V8;286277433;05100868289005
A05FS0VA;286277435;05100289417882
A05FS0VF;286277440;05100289384254
A05FS0VI;286277443;05100578853497
A05FS0VK;286277445;05100434135662
A05FS0VW;286277456;05100144666489
A05FS0VX;286277457;05103473175875
A05FS0W5;286277465;05103328458023
A05FS0WG;286277476;05100578808820
A05FS2EZ;286279349;15139797357192
A05FS2LM;286279582;15139942074958
A05FS2V0;286279875;15150217070909
A05FS3SG;286281011;15145007197248
A05FS3UL;286281086;15150361755230
A05FS3UU;286281094;15150506477365
A05FS4R7;286282192;16163530906787
A05FS7QM;286285847;16169319633970
A05FSCEA;286291575;23140520836968
A05FSGPB;286296826;06300144696003
A05FSIJZ;286299124;16164978123970
A05FSKE0;286301365;09211287983081
A05FSMR7;286304242;04103907318223
A05FSQP0;286307840;04104052036005
A05FSSDU;286309934;15139942059008
A05FT6HC;286327207;07383646796072
A05FT74U;286327994;21230824856165
A05FT7WL;286328931;15139942067759
A05FT8GV;286329640;30002521299437
A05FTDMC;286335957;24312011486470
A05FTYBN;286360083;19181186646104
A05FUN3G;286390421;24307525135748
A05FUNGY;286390893;24307525135748
A05FUSXG;286396336;25232706133502
A05FUTFC;286396962;25232706210897
A05FV6XH;286413487;15139797372605
A05FV6ZZ;286413574;15145151903634
A05FV70E;286413589;15139942090495
A05FV7TS;286414582;15150361793250
A05FV81W;286414866;15154558588178
A05FV873;286415048;15139942074295
A05FV8GK;286415380;15139942076109
A05FV8J7;286415472;15154703301695
A05FV8K7;286415507;15139797356954
A05FV8NL;286415626;15150217049086
A05FV8PS;286415667;15139797373179
A05FV8QX;286415707;15154558596930
A05FV8SZ;286415779;15150361766808
A05FV8UL;286415836;15145151903207
A05FV8UT;286415843;15139797374519
A05FV8VH;286415867;15163965257568
A05FV8Y8;286415963;15154703272984
A05FV8YJ;286415974;15159623708201
A05FV90W;286416056;15150506476240
A05FV91Q;286416085;15150361758482
A05FV94L;286416186;15150506457124
A05FV959;286416209;15150217075952
A05FV964;286416239;15163965265556
A05FV96S;286416262;15139942083072
A05FV98K;286416325;15154703314739
A05FV9CF;286416460;15154703305951
A05FV9DB;286416491;15139942083296
A05FV9KW;286416756;15159334274946
A05FV9V3;286417078;15154703287606
A05FVA97;286417572;15139942090609
A05FVAN6;286418061;15144717754740
A05FVB0S;286418502;15150506484676
A05FVB1S;286418537;15139942093962
A05FVB36;286418586;15139942090934
A05FVB5C;286418662;15139797349420
A05FVBEK;286418985;15154703273448
A05FVBZT;286419693;15139797365292
A05FVBZW;286419696;15154558583897
A05FVDH5;286421525;15139942066309
A05FVDI4;286421559;15139797375857
A05FVDN6;286421736;15145007190390
A05FVK9U;286429844;14411432563826
A05FVKA2;286429852;14408972429761
A05FVKJH;286430182;14413892862749
A05FVKQM;286430397;16163386346081
A05FVKU6;286430521;14413892810897
A05FVKVN;286430573;14404196754490
A05FVKXR;286430646;16169319642534
A05FVL1T;286430788;14408972469033
A05FVL1V;286430790;14404052079078
A05FVM31;286432056;16166280702009
A05FVM3Q;286432080;14406656957028
A05FVM3X;286432087;14406801674893
A05FVMAF;286432315;14411432587111
A05FVMEZ;286432474;14404052063882
A05FVMLZ;286432719;14406801697503
A05FVN02;286433177;14406801638676
A05FVN38;286433288;14406657012186
A05FVN3I;286433298;14413892772085
A05FVNA0;286433525;14404196713220
A05FVNA3;286433528;14408972417305
A05FVNGN;286433758;14416353111123
A05FVNVE;286434239;14408827779170
A05FVNVQ;286434250;14411432699592
A05FVNYR;286434356;14413892836759
A05FVPLF;286435150;23143270614950
A05FVRBZ;286437269;14411287981729
A05FVRRB;286437771;14406656939463
A05FVSR2;286438987;23138060631513
A05FVSTA;286439065;23151808824388
A05FVSTV;286439085;23143415198921
A05FW15V;286449305;16161939154184
A05FW7AE;286456814;23140520828319
A05FWC3P;286462704;22173227167590
A05FWHKS;286469427;25235021572939
A05FWLU8;286474623;24307525241725
A05FWNL6;286476791;17157308181352
A05FWNMD;286476833;17150795843002
A05FWRHE;286480334;01100868214972
A05FWRLA;286480470;01101012919149
A05FWRNE;286480544;01101157636979
A05FWZ5L;286489721;23149203990494
A05FZKHX;286601627;09206078133083
A05FZKI9;286601639;09205933415213
A05FZKIL;286601651;09205933411394
A05FZKSS;286601972;09201157727870
A05FZKT8;286601988;09201157700906
A05FZKTH;286601997;09201013010087
A05FZPQM;286606797;07406367554275
A05FZSE1;286610066;04111866808628
A05FZTG0;286611360;07401157655434
A05FZTIL;286611451;04112156244278
A05G01K0;286621300;16166280697805
A05G0915;286630440;01100578793529
A05G0GZT;286640193;21230969457679
A05G0H6G;286640426;21233429737516
A05G0LWU;286646214;23149348633101
A05G0RVF;286652290;30002530039467
A05G14BU;286667564;06301591781999
A05G1KX9;286687879;17155282152542
A05G2C0Z;286719859;25228798697913
A05G2JJ5;286729070;25228654076840
A05G3BCY;286761928;22178147500890
A05G3DGC;286764497;25237047731902
A05G3FW4;286767464;12131982605036
A05G3GAH;286767967;09197250295207
A05G3GBJ;286768004;09197250358307
A05G3NKK;286776895;04108104173157
A05G40RI;286791803;21240665648968
A05G4ACA;286803555;06300144685851
A05G4AVU;286804204;06303328415835
A05G4CUB;286806601;01100144626798
A05G4RQ7;286823607;06300289398748
A05G4RRP;286823659;14411432660140
A05G4RV9;286823784;19182633784104
A05G4S0I;286823968;07406367502098
A05G5707;286842332;16161939051589
A05G5CVI;286849518;01100578761910
A05G5D10;286849710;23146164849997
A05G5DVT;286850753;23149203903216
A05G5EBL;286851306;06303039047406
A05G5ECJ;286851339;06303183765242
A05G5LG5;286860040;23151808827080
A05G5XDG;286873421;02101302368478
A05G5ZFR;286875951;06303183750183
A05G5ZGD;286875973;06301736572119
A05G5ZM8;286876178;06303328467900
A05G61TI;286878848;25234876919494
A05G63G7;286880867;22175687394841
A05G64G6;286882091;21235889934958
A05G64H5;286882125;21230824845362
A05G6AAE;286889239;21233429659005
A05G6AKZ;286889609;17148335705150
A05G6DTM;286893552;02100578810973
A05G6JSC;286900857;25235021563714
A05G6SR1;286910611;06301591869410
A05G6T1G;286910976;06300289409233
A05G6T2I;286911013;06300144691497
A05G78CF;286929735;07389724964629
A05G78DM;286929777;12134732203601
A05G7AFK;286932295;19186975195410
A05G7BXK;286934115;06301591789095
A05G7C3B;286934316;05100578811437
A05G7C3M;286934327;05100723529298
A05G7C4G;286934356;05100868247045
A05G7C4W;286934371;05100434093694
A05G7ISV;286942525;25230680168561
A05G7KBP;286944409;05100578803225
A05G7KEZ;286944524;05100723521005
A05G7KHT;286944623;05100868238819
A05G7KK3;286944703;05100289367602
A05G7LG3;286945788;14416497751750
A05G7N0Y;286947708;05103473159238
A05G7N3F;286947795;05103328441498
A05G7NGE;286948249;05106078079610
A05G7TBL;286954206;09216787222266
A05G7TCX;286954252;09216787225845
A05G7WJ7;286958147;22178147560841
A05G7XH7;286959302;24309695937289
A05G7XJL;286959386;24309695910528
A05G8AUZ;286975674;21230969485808
A05G8F1A;286980795;22175687302620
A05G8F7D;286981008;17157163526379
A05G8FHI;286981363;17155282194930
A05G8HFE;286983739;22173227103935
A05G8I4S;286984592;21228509244361
A05G8PD4;286992234;06301591881577
A05G8QB5;286993390;25239507893137
A05G8QJR;286993691;25234876948514
A05G8QKF;286993715;25232706181525
A05G8QMQ;286993795;25234876984731
A05G8ZRN;287004958;17150651222142
A05G903L;287005376;01101302423506
A05G9AL3;287018238;24315774052115
A05G9ANP;287018329;02101302379933
A05G9AZV;287018720;01100723433906
A05G9B3T;287018858;05100434104078
A05G9B6N;287018958;23149204032370
A05G9BCH;287019162;25228654106787
A05G9BN9;287019539;22182923264271
A05G9D7W;287021451;15144862479464
A05G9D86;287021461;15150217051780
A05G9DAL;287021546;15150217069766
A05G9DMY;287021978;15159334288777
A05G9DQ5;287022055;15159334291160
A05G9DQK;287022070;15163965260287
A05G9DUE;287022204;15159479008992
A05G9DUF;287022205;15159623726752
A05G9F0D;287023638;07389869675274
A05G9K7Q;287030020;05100289344657
A05G9K82;287030032;05101012933659
A05G9R7W;287037376;16166280696343
A05G9R91;287037416;16161939046181
A05G9R9K;287037435;16161939184217
A05G9R9X;287037447;16163386362281
A05G9RD2;287037557;16161939149887
A05G9RMJ;287037889;16161939138423
A05G9RX7;287038227;16167872479525
A05G9S0U;287038354;16166280729209
A05G9SF6;287038856;16167872461540
A05G9T5R;287039751;16163386366761
A05G9T8B;287039841;16166280722799
A05G9TDG;287040021;05100144687216
A05G9TDI;287040023;05100289405089
A05G9TDL;287040026;05100434122844
A05G9TDM;287040027;05100578840679
A05G9TDQ;287040030;05100723558432
A05G9TEY;287040073;16161939169906
A05G9TFZ;287040109;05103473152492
A05G9TN7;287040362;16163386340350
A05G9TRM;287040482;16161939116828
A05G9U6S;287041012;14408972408620
A05G9V1L;287042056;06300289395382
A05G9V1M;287042057;06300144677538
A05G9V1T;287042063;06300289338572
A05G9V22;287042072;06301591855587
A05G9V26;287042076;06301736544764
A05GAAAA;287060735;17146020151210
A05GACDQ;287063305;17152966681569
A05GACN0;287063630;17148335706825
A05GAN6X;287076542;17155282157923
A05GAQ4P;287078914;17148480356184
A05GAQ8T;287079058;17155282181123
A05GATYV;287083610;25239507823946
A05GAVT8;287085863;05100144649858
A05GAW2M;287086192;05103328449683
A05GAWZV;287087320;15150217074726
A05GB08N;287091303;25237047724805
A05GB44S;287096067;04112156292087
A05GB5II;287097773;17150795907115
A05GB6RJ;287099279;17148335658447
A05GB7RD;287100498;04112011574232
A05GB7RF;287100500;04108104193613
A05GB7S6;287100526;04111866856437
A05GB7SF;287100535;04108248911466
A05GB7T6;287100561;04108393629206
A05GB7TM;287100577;04111722138602
A05GB950;287102200;17150795909466
A05GB97F;287102285;17150651225394
A05GB993;287102343;17148335695453
A05GB994;287102344;17155282195178
A05GBC8W;287106011;17152966706985
A05GBDY1;287108081;17152966702944
A05GBFXX;287110527;17148335734729
A05GBH73;287112073;17157308207120
A05GBICT;287113498;17145875534879
A05GBJBW;287114691;17157308132317
A05GBKNA;287116315;17148335737310
A05GBLM4;287117499;17153111329506
A05GBLX3;287117848;17150795914538
A05GBLY9;287117889;17150795865147
A05GBMSV;287118925;17152966687076
A05GBN3B;287119291;17148480364284
A05GBNVF;287120240;17148480356072
A05GBPTM;287121402;17150795903296
A05GBRZ3;287124043;05100868207885
A05GBS2C;287124157;05101012925660
A05GBV5P;287127949;12132127282405
A05GBV9Z;287128099;12131982596678
A05GBVA7;287128107;12132127314470
A05GBVJT;287128443;17148480364172
A05GBYH4;287132024;50083740756867
A05GBYY3;287132583;12134587532943
A05GEVQW;287257281;23146309555399
A05GF1GT;287264313;17155282173460
A05GFD0U;287278454;17148335692098
A05GFGZH;287283307;17145875518780
A05GFHVR;287284401;14413748190989
A05GFJ4A;287285925;07401013006355
A05GFKT3;287287983;09193342947764
A05GFKU5;287288020;09193487665509
A05GFQDN;287293603;09197250324569
A05GFSWE;287296674;01100868279091
A05GG0B5;287305765;17155282163670
A05GGCS5;287321025;17150795906102
A05GGCSW;287321051;17155282187730
A05GGGJK;287325660;17157163520536
A05GGS4C;287338602;15154413889663
A05GGS4U;287338619;15154558607426
A05GGYBJ;287346204;17155282149689
A05GH6M7;287356377;30002450124979
A05GHECI;287365838;50000434146130
A05GHI6N;287370533;07383502108624
A05GHZKV;287390630;05100578817056
A05GI8S3;287401873;09211432666094
A05GIEL3;287409013;12128943503695
A05GIG22;287410797;23143415195903
A05GIHEZ;287412474;21235889909533
A05GIJAX;287414782;17157308188108
A05GISDE;287424669;02101591815430
A05GIVK0;287428575;01101012919250
A05GJSNW;287467911;25232706083861
A05GJW1H;287472027;21228364586331
A05GJXIE;287473844;07383357359780
A05GKT7X;287511452;04112011514506
A05GKW5F;287515040;01100289344545
A05GKXW0;287517160;07395079577076
A05GKZ44;287518669;04103762642004
A05GL3R5;287524340;04112011547890
A05GLKN1;287545056;22180752501859
A05GLKQ6;287545131;22182923262705
A05GLX9Z;287559299;22175687322759
A05GMB2C;287576182;06303039052029
A05GMER8;287580693;06300289413841
A05GMFPP;287581864;06301591874042
A05GMQ0K;287593270;12128798840598
A05GMQ2N;287593343;12131982622350
A05GMQ5C;287593437;12122431177181
A05GMQ7F;287593510;12128798833838
A05GMQ97;287593572;12128943529770
A05GN4YT;287611583;12128943504608
A05GNA10;287617785;06300289351968
A05GNDQ2;287622302;07406656929236
A05GNY8T;287646233;16166425286080
A05GPDSK;287665265;07412011566020
A05GPFEP;287667264;30002450117668
A05GURD0;287895055;07395224260432
A05GURED;287895103;07383212691451
A05GURGJ;287895179;16163386364207
A05GURT7;287895587;02100868275825
A05GURX4;287895724;17146020154248
A05GURX9;287895729;17146020207232
A05GUT1N;287897108;01100578755611
A05GUT95;287897370;09193487659973
A05GUTQZ;287897959;07401013003876
A05GUUUF;287899305;05100578833256
A05GUV3J;287899624;09193342975444
A05GUVVM;287900572;25237047691838
A05GUW5Q;287900925;02101157678480
A05GUW77;287900977;04104196765181
A05GUW78;287900978;04104196790494
A05GUWHT;287901348;01100578757749
A05GUWHZ;287901354;01100289322175
A05GUWTA;287901715;07394934868868
A05GUXF4;287902479;06301591861112
A05GUXU9;287902974;01101012951986
A05GUY5D;287903363;16163386354305
A05GUZL7;287905142;09193342966667
A05GUZLG;287905151;09197250353363
A05GUZLY;287905168;07401012977512
A05GUZZD;287905603;25234876924678
A05GV079;287905879;01100289266797
A05GV081;287905906;14413892744844
A05GV0NG;287906446;15159478959368
A05GV2DV;287908560;14406656946998
A05GV2U7;287909097;01101012996852
A05GV2X5;287909200;21228364663299
A05GV31N;287909358;09197250347289
A05GV328;287909378;22178147580970
A05GV3YX;287910487;19181331173291
A05GV4AF;287910890;01101447008370
A05GV4AG;287910891;01101012857704
A05GV4JU;287911219;23140520823599
A05GV4LU;287911289;16166425258625
A05GV4QR;287911426;14413892744620
A05GV4QX;287911432;14409117060487
A05GV4YK;287911700;19184225531985
A05GV68P;287913279;02101157625739
A05GV6YG;287914146;16167872442972
A05GV70D;287914213;16167872457155
A05GV71R;287914261;04103762593376
A05GV87N;287915693;17146020143445
A05GV89I;287915758;02101447061363
A05GV8B0;287915810;25232706124501
A05GV8B4;287915814;25237047698134
A05GV8BF;287915825;25237047705898
A05GV8CS;287915872;07394934824892
A05GV8S9;287916379;24312011386803
A05GV9A8;287917008;04112011545326
A05GV9A9;287917009;04108393581405
A05GV9AB;287917011;04108104145804
A05GV9AD;287917013;04108393605583
A05GV9HK;287917265;17148335700655
A05GV9JL;287917336;17152966671880
A05GV9NM;287917477;21228364611886
A05GVA5A;287918060;22178002875405
A05GVA5C;287918062;22173227171985
A05GVA8K;287918175;21238205482233
A05GVBVW;287920181;01100433984110
A05GVBXY;287920253;25232706071170
A05GVC4R;287920491;15150361739366
A05GVC8T;287920633;04108104127699
A05GVCAB;287920686;16169319620827
A05GVCHX;287920952;14414037464092
A05GVCMZ;287921129;50061016523480
A05GVCVM;287921397;24305354368800
A05GVDRJ;287922479;09197250339077
A05GVDW4;287922639;01101447017709
A05GVE9M;287923112;04112300947064
A05GVEBY;287923193;04108248887709
A05GVF6J;287924229;21235889899174
A05GVF6L;287924231;21235889852721
A05GVF6Q;287924235;21238205459383
A05GVF6Z;287924244;21238205405731
A05GVF8Z;287924314;21228509278984
A05GVF95;287924320;21233285054108
A05GVFGB;287924571;09193342930578
A05GVGNR;287926056;23138060625764
A05GVHA7;287926807;16164833553949
A05GVHIT;287927108;07389869701833
A05GVHIX;287927112;07395079542652
A05GVIR3;287928588;04112011536650
A05GVJ2N;287928993;19185527999672
A05GVJ3X;287929037;01100723475529
A05GVJ3Y;287929038;01101302404164
A05GVJ3Z;287929039;01100868229706
A05GVJ40;287929040;01100723511988
A05GVJ4D;287929053;01101157584112
A05GVJM0;287929670;16166280669564
A05GVJM3;287929673;16166280721125
A05GVJN3;287929708;07389724984095
A05GVLLW;287932116;01100434076370
A05GVM25;287932650;04108248873866
A05GVM4X;287932747;17146020173364
A05GVQW7;287937342;17155282122072
A05GVQWB;287937346;17148335726730
A05GVRMJ;287938264;22173227188071
A05GVRQA;287938360;22184949297548
A05GVRT2;287938457;21228364605039
A05GVRTB;287938466;21233285093904
A05GVRTC;287938467;21233429696550
A05GVS2I;287938788;01100144640761
A05GVS4G;287938856;01100289358590
A05GVS4H;287938857;01101447019724
A05GVS4J;287938859;01101012858829
A05GVSJY;287939398;25228798702015
A05GVSLS;287939462;25230680090067
A05GVSWR;287939811;04111866827520
A05GVSWV;287939815;04112156266424
A05GVSX4;287939824;01101447067310
A05GVSX5;287939825;01100578806030
A05GVSXC;287939832;01100578794104
A05GVSZ3;287939893;04107959428023
A05GVT32;287940032;25237192339836
A05GVT3C;287940042;25234876976192
A05GVTXM;287941067;07401157673212
A05GVTXP;287941069;07401012955478
A05GVUTG;287942146;50005448371237
A05GVUVL;287942221;21230824891370
A05GVUXD;287942283;21228364561157
A05GVWBR;287944011;12132127314807
A05GVXBI;287945228;25234876935808
A05GVY6B;287946271;09197250342235
A05GVYAH;287946417;25230680134274
A05GVYCX;287946502;17153111318254
A05GVYYJ;287947224;19185528073847
A05GVZT6;287948261;23143270539570
A05GVZWY;287948393;04112011510138
A05GVZX0;287948395;04112156247745
A05GVZX7;287948402;04112011571428
A05GVZZ9;287948474;04107814740338
A05GVZZB;287948476;04107959438250
A05GVZZC;287948477;04108393591622
A05GVZZM;287948487;04108104156056
A05GW08H;287948797;17157308192818
A05GW0AQ;287948875;17153111318580
A05GW183;287950008;22182923248307
A05GW1L6;287950466;19186975242122
A05GW1Q0;287950600;17155426800437
A05GW1T8;287950713;12125759733106
A05GW28R;287951256;17146020204641
A05GW34G;287952331;01100578719720
A05GW34K;287952335;01101012856039
A05GW35K;287952370;22183067848803
A05GW36R;287952411;06301736567789
A05GW3RA;287953095;25237047739537
A05GW3XR;287953321;07389869687191
A05GW4J8;287954073;23137915995498
A05GW5B2;287955012;07383502077672
A05GW5JR;287955316;50081714689572
A05GW5SJ;287955589;12122431249292
A05GW5SN;287955593;01101012873130
A05GW5V6;287955681;07389580272321
A05GW5VA;287955685;07389869717130
A05GW65K;287956045;25235021561250
A05GW708;287957083;22182923280695
A05GW754;287957254;05103328486588
A05GW7QV;287957980;07406367505016
A05GW7ST;287958048;01100578758640
A05GW7SX;287958052;01100144605221
A05GW7UG;287958106;01100434001911
A05GW8GV;287958890;09201157722164
A05GW9AD;287959888;01100144566393
A05GW9LC;287960272;19182633795670
A05GW9NM;287960352;07411866822038
A05GWA9S;287961092;05100434132309
A05GWAFF;287961290;06304775668019
A05GWAP3;287961593;14404196796227
A05GWB9T;287962318;16167872539056
A05GWBCD;287962408;16161939127519
A05GWBJR;287962666;09193487652904
A05GWBVP;287963049;25237047694754
A05GWBXS;287963122;14404196757419
A05GWC88;287963488;22175687260098
A05GWCSI;287964163;23146309538401
A05GWDNB;287965241;17146020144010
A05GWDVI;287965493;17153111334891
A05GWFRK;287967805;21235889848225
A05GWG84;287968384;04107814739207
A05GWGBJ;287968504;21230824872141
A05GWGRQ;287969035;02100144649083
A05GWGRY;287969043;02101447079898
A05GWGS2;287969047;02100723520216
A05GWGW3;287969188;02100578834157
A05GWGZ5;287969295;22180752422437
A05GWH3K;287969450;16164833544724
A05GWHK8;287970033;21238205409111
A05GWHN4;287970134;17145875530726
A05GWIAJ;287970919;05100144702869
A05GWIMH;287971337;19185383499294
A05GWJA1;287972126;14416497704629
A05GWJB1;287972161;12122286508804
A05GWJL3;287972513;21240665632123
A05GWK60;287973210;02100578802436
A05GWK61;287973211;02101591858729
A05GWKS1;287973946;01100868286730
A05GWKW3;287974088;09193342942710
A05GWL24;287974299;14406801654001
A05GWLTV;287975235;05100578854949
A05GWMMJ;287976239;05100723560698
A05GWMQY;287976358;04111866822363
A05GWNSS;287977647;07401157697270
A05GWPBS;287978312;24309695960139
A05GWQ5R;287979326;24307525218102
A05GWQB8;287979518;09201012982145
A05GWQFL;287979671;23143270586264
A05GWR2D;287980433;25228798769697
A05GWRE5;287980845;05103473134930
A05GWRET;287980868;16164833554738
A05GWSTS;287982582;21233429705570
A05GWTUD;287983828;24309551334768
A05GWTXJ;287983939;17157163528833
A05GWTXW;287983951;17152966701504
A05GWTXY;287983953;17150795832525
A05GWUA1;287984376;05106078049039
A05GWV2L;287985341;05100434103402
A05GWW1U;287986539;22173227102607
A05GWWIA;287987115;06303039054481
A05GWXH8;287988303;25230680144503
A05GWXHY;287988328;23143415208302
A05GWXJK;287988385;23146164842602
A05GWYPF;287989780;12134732179609
A05GWYZ7;287990122;22184949317360
A05GWZC2;287990572;07406512289790
A05GWZE3;287990643;04108248889499
A05GWZIQ;287990805;17155282175813
A05GWZKX;287990882;02101302454098
A05GWZQJ;287991044;23149204014155
A05GX05L;287991571;24305209812735
A05GX0N6;287992186;14408972449902
A05GX0V3;287992428;07406512277761
A05GX16E;287992824;01101302404276
A05GX185;287992885;25234876950556
A05GX1Q9;287993484;07401012924760
A05GX1VB;287993661;01100578728832
A05GX2EF;287994330;21228509266731
A05GX2TP;287994829;50044087997726
A05GX3AL;287995421;02100434099101
A05GX3L1;287995786;17150795851865
A05GX49U;287996619;22173227165799
A05GX4J0;287996940;22178147502030
A05GX4PQ;287997140;14406801694250
A05GX5RQ;287998435;14411432638190
A05GX60U;287998754;05100868304648
A05GX749;288000099;22180752445708
A05GX75T;288000153;02101157634290
A05GX77H;288000212;16167872485496
A05GX865;288001390;09216642546360
A05GX87W;288001451;25237047719294
A05GX8DK;288001650;19185528100532
A05GX8GB;288001746;09205933418689
A05GX8Q2;288002052;07401157695367
A05GX8UZ;288002224;24313748037687
A05GX9DN;288002878;04111866824716
A05GX9I9;288003039;16163386391301
A05GXA2P;288003719;07411866814814
A05GXA9T;288003968;21238205494374
A05GXACE;288004059;12122286537048
A05GXAE6;288004121;07412011492779
A05GXAGV;288004215;23140520821136
A05GXAZ6;288004821;22178147451612
A05GXB2Q;288004945;09193487650002
A05GXBS6;288005801;12132127312780
A05GXC46;288006221;05100289414529
A05GXCEM;288006587;23143415256325
A05GXCK0;288006775;15164109932706
A05GXCNZ;288006914;04112156278789
A05GXCVM;288007147;12128798838007
A05GXD4G;288007456;19185527991040
A05GXDFQ;288007850;21238205392019
A05GXDSU;288008274;17150795844778
A05GXDV5;288008355;24313748050208
A05GXEZB;288009726;15159478996813
A05GXFJ7;288010422;17145875528021
A05GXG1B;288011021;25239507873333
A05GXGD0;288011430;21233429704679
A05GXGXI;288012113;14404052043316
A05GXHJ2;288012867;02101302391430
A05GXHLC;288012947;15164109931244
A05GXJ7S;288014922;25239507859608
A05GXLA4;288017454;50082000744823
A05GXLEY;288017623;15159623716525
A05GXLPT;288017968;22173227128010
A05GXM3Y;288018463;05100578869121
A05GXM7I;288018588;14404196716258
A05GXMX5;288019450;19181331186772
A05GXN11;288019586;02100868238044
A05GXPZJ;288021984;21233429737628
A05GXQ5N;288022198;09211287978672
A05GXQG2;288022562;06303328457895
A05GXQPM;288022862;25228798780406
A05GXR8A;288023515;14408972400871
A05GXRZL;288024436;14406801673118
A05GXS55;288024630;16164978127248
A05GXS8V;288024760;15154703294478
A05GXSL5;288025190;24309551350307
A05GXSQM;288025347;14411287985210
A05GXSVU;288025529;50067528964825
A05GXTAY;288026058;17148335677787
A05GXTPA;288026525;23146164921240
A05GXTT8;288026663;07383502162406
A05GXUI6;288027536;22180752443243
A05GXUR4;288027814;02100144716476
A05GXUYB;288028066;23149204030680
A05GXVAB;288028486;05100434092244
A05GXVF9;288028659;06303183751411
A05GXVTH;288029122;04112011572654
A05GXW11;288029386;05100868261443
A05GXWCK;288029790;07395224262122
A05GXWCZ;288029804;23151808839772
A05GXWNL;288030176;06301736537902
A05GXX79;288030829;14406801578157
A05GXXVK;288031645;24307525199629
A05GXZBK;288033430;09216642539272
A05GXZKR;288033751;01100289316530
A05GY05A;288034435;17155282140849
A05GY0EB;288034751;19184080962392
A05GY0XB;288035381;16166280742267
A05GY1EJ;288035984;02100434148480
A05GY1MK;288036265;19186975284733
A05GY1MR;288036271;24312011396919
A05GY2TA;288037690;17146020185944
A05GY46Z;288039394;09211287972390
A05GY4T1;288040131;02101012926450
A05GY53J;288040499;17157308191366
A05GY5AJ;288040744;02101736544876
A05GY5AK;288040745;02101447109286
A05GY5JM;288041062;22180752529297
A05GY5LG;288041126;09193342943947
A05GY6BZ;288042019;14404196676081
A05GY6IE;288042244;01100868213746
A05GY7D1;288043281;25228798751162
A05GY7I2;288043457;15144717776895
A05GY8BH;288044452;25232706163635
A05GYY0N;288074698;05100578817493
A05GZTYZ;288112614;19181186583645
A05H1PXK;288193415;16164833547427
A05H1QB1;288193886;04103762635905
A05H1RQ4;288195604;05100723527836
A05H1SE2;288196442;22184949284618
A05H1TIY;288197838;02101012933323
A05H1TRM;288198107;22182923284840
A05H1USD;288199358;22173227203614
A05H1VN9;288200439;22184949321205
A05H1VVJ;288200694;02101302404715
A05H1W3Q;288200980;19188567191257
A05H1WL2;288201587;07401012924983
A05H1WM8;288201628;14413892876132
A05H1WV1;288201901;07389869718806
A05H1XG9;288202644;17157163507252
A05H1XH1;288202671;04104052071545
A05H1XQ1;288202951;12132127283204
A05H1XYL;288203251;16167872438803
A05H1Y5G;288203491;16167727927930
A05H1YI5;288203935;14413892874330
A05H1YPA;288204150;19188567229930
A05H1YWE;288204399;07400868304109
A05H1Z17;288204567;17148335733490
A05H1ZRH;288205452;01100868200590
A05H1ZRI;288205453;01100289330275
A05H1ZRJ;288205454;01100868250864
A05H1ZRL;288205456;01100434072440
A05H1ZRN;288205458;01100289326320
A05H20W9;288206844;09205933409688
A05H218P;288207279;02101302410901
A05H21HQ;288207595;22175687402207
A05H21HT;288207598;22175687378102
A05H21I8;288207613;22173227159502
A05H21IA;288207615;22173227089305
A05H2224;288208274;01100578838850
A05H224X;288208372;01101302439027
A05H225S;288208402;25232706200771
A05H2284;288208484;05101012958833
A05H22DH;288208672;05100578822789
A05H22PJ;288209059;15159478999290
A05H22QW;288209106;15164109929975
A05H2321;288209496;25228654103972
A05H2386;288209711;06300289365463
A05H238S;288209732;06300289413302
A05H24E8;288211148;16167872540209
A05H24W8;288211743;16166425277202
A05H25BW;288212291;01100578840231
A05H25RM;288212807;05100868209799
A05H2866;288215766;17148335695565
A05H28ZV;288216770;22178147556894
A05H29Y4;288217934;15159479015091
A05H2A4R;288218166;16166280682185
A05H2AD3;288218458;16161939134504
A05H2B5Y;288219433;15144717794561
A05H2B7E;288219484;23149204001774
A05H2CPP;288221314;01101012879389
A05H2DY4;288222834;01100434055998
A05H2EBZ;288223319;01101012866480
A05H2EEG;288223406;23149203953152
A05H2EW8;288223993;21235889914054
A05H2FAH;288224492;09201013006804
A05H2G88;288225638;07401012926785
A05H2G8P;288225654;19188567153340
A05H2GCF;288225785;19181186650814
A05H2H43;288226718;21233285068152
A05H2HBW;288226991;07383212708554
A05H2HC4;288226999;07389724957318
A05H2HL0;288227310;24313748158835
A05H2HT2;288227557;19186975279885
A05H2IHG;288228411;23146309642473
A05H2IQ2;288228677;04107814752031
A05H2JNE;288229844;21235889911898
A05H2JYN;288230203;01100723532794
A05H2KWA;288231345;25228798714707
A05H2MKS;288233427;09211577402959
A05H2N1L;288233981;15159623704057
A05H2N1N;288233983;15159623718215
A05H2N3I;288234048;22178147457120
A05H2NAY;288234308;25230680090831
A05H2P0M;288235172;06301736541512
A05H2P24;288235224;12131982600531
A05H2P2G;288235236;12125614994201
A05H2PCG;288235586;05100868209898
A05H2QI6;288237011;24309551307328
A05H2RLL;288238356;14413892784116
A05H2RN1;288238406;24305209791900
A05H2RU1;288238616;24305209741749
A05H2RZC;288238802;07401012940195
A05H2SLN;288239583;09206078142208
A05H2T4H;288240207;23137915918897
A05H2TY6;288241211;07411866801445
A05H2U0A;288241285;07411866828757
A05H2UBY;288241693;07395224302512
A05H2UNR;288242106;15164109946201
A05H2V5Q;288242700;09197250294182
A05H2VJJ;288243184;16169319732311
A05H2VYH;288243672;22184949324894
A05H2WWI;288244828;22184949309371
A05H2WZA;288244925;07383212689194
A05H2XC4;288245374;16167872456030
A05H2XL6;288245691;16161939124265
A05H2YQ9;288247059;09211432695002
A05H2YS6;288247126;09211287974743
A05H2YSR;288247146;09216787224405
A05H2ZRJ;288248329;01100289365799
A05H2ZRN;288248333;01100289326218
A05H2ZRP;288248334;01100289435447
A05H2ZZN;288248613;09205788695949
A05H31KH;288250567;07412011554215
A05H32NQ;288251905;16163386380509
A05H33HN;288252918;05100144687541
A05H33P6;288253146;24305209739044
A05H33XV;288253450;21228364649990
A05H342N;288253618;07395079545131
A05H342V;288253625;06303328466347
A05H342X;288253627;16164978114531
A05H34AU;288253904;07383502103906
A05H34T5;288254510;17153111329933
A05H35CW;288255201;06300289389208
A05H35EG;288255256;24312011399611
A05H37EC;288257702;16161939148762
A05H38EH;288258932;02101736533524
A05H38EL;288258936;02100578791288
A05H38JQ;288259115;05100434062101
A05H38NZ;288259264;12128798802804
A05H395E;288259839;02101013008482
A05H39R2;288260562;07389725018534
A05H39R8;288260568;07389725006178
A05H3AZB;288262076;12134732210898
A05H3BCK;288262540;05100434125323
A05H3CKJ;288264044;06303183694807
A05H3E6S;288266012;19186975357969
A05H3ENK;288266600;07401012958394
A05H3FBX;288267417;01101013006467
A05H3FBY;288267418;01100578843371
A05H3GLW;288268991;17153111328593
A05H3GY2;288269382;04104052055569
A05H3GYQ;288269405;23149203956620
A05H3HMQ;288270245;24315629454931
A05H3HWK;288270555;24307380598976
A05H3I1P;288270734;02101447167436
A05H3I4C;288270827;16164978082465
A05H3J5H;288272092;16161939144170
A05H3JX3;288273023;15139942061589
A05H3K2A;288273205;15159478999628
A05H3KK1;288273826;25234876934681
A05H3LSA;288275305;02101591815542
A05H3M4B;288275726;02100723528737
A05H3M4N;288275738;23140520917081
A05H3M9D;288275903;09201013004228
A05H3N9E;288277129;12125615023605
A05H3PEF;288278530;23140520937436
A05H3PJI;288278708;23149204019750
A05H3QF3;288279778;05100578804340
A05H3QKB;288279961;19182633662279
A05H3QKU;288279979;21228364653612
A05H3R6U;288280714;17150651225406
A05H7JCJ;288443839;24309696026624
A05H83VU;288467754;21233429703991
A05H83ZV;288467895;21233285050177
A05H8443;288468043;01100578819307
A05H85NK;288469950;01101302416968
A05H8675;288470600;14404052096506
A05H86LN;288471108;14406801694473
A05H87AK;288471945;16167872471777
A05H87C2;288471997;25232706208743
A05H88J0;288473465;16167872507335
A05H88W1;288473886;16161939180286
A05H8CEJ;288478209;07406656957802
A05H8CES;288478217;24313748146143
A05H8CR1;288478611;24305209749934
A05H8CZR;288478916;02101157690201
A05H8DDG;288479396;05100434120503
A05H8E1S;288480212;07383646824545
A05H8EBZ;288480569;24312011402460
A05H8EPB;288481001;15159478993671
A05H8F00;288481375;25228654045704
A05H8F14;288481414;22180752429508
A05H8FJ0;288482040;05100289375589
A05H8FJ4;288482044;05100578865630
A05H8FJI;288482058;05103328459697
A05H8FZD;288482578;07389724960913
A05H8GU2;288483617;02100868196627
A05H8HQ7;288484707;21238205479951
A05H8HQ8;288484708;21235889940156
A05H8HQQ;288484725;21235889902798
A05H8I7X;288485327;01100434034310
A05H8I82;288485332;01100868205310
A05H8ITW;288486061;06301591889874
A05H8IUA;288486075;06301736521381
A05H8J0X;288486307;21233285033188
A05H8JRB;288487196;04111866800219
A05H8JRG;288487201;04111866825391
A05H8KIB;288488141;21235889887582
A05H8KKA;288488210;07389724991733
A05H8L35;288488835;25230680156319
A05H8L61;288488936;25232706151279
A05H8LSQ;288489695;23140376258923
A05H8LXZ;288489879;23146309617823
A05H8MX5;288491075;15150506462521
A05H8MZ7;288491147;22175687394516
A05H8MZJ;288491159;22178147466893
A05H8NQ1;288492051;19188567214210
A05H8PGR;288492986;09201157715841
A05H8PGZ;288492994;09211287964516
A05H8PXG;288493536;14408972368453
A05H8PXK;288493540;14414037464979
A05H8PXL;288493541;14406656969608
A05H8Q70;288493870;16164833532581
A05H8QAI;288493993;24315629431772
A05H8QD3;288494083;09211432704570
A05H8QFM;288494172;14404052063994
A05H8QL8;288494368;21230969455216
A05H8SAL;288496446;06300289366476
A05H8SHZ;288496704;22180752511201
A05H8TNF;288498120;07394934832555
A05H8TW5;288498390;25239507837441
A05H8UH9;288499129;07412011510799
A05H8VFA;288500285;05100723539977
A05H8VKA;288500460;07383357412791
A05H8VLW;288500516;17152966681894
A05H8WXT;288502123;04103617891596
A05H8XFH;288502742;02100723572942
A05H8XND;288503018;21230824883820
A05H903X;288506012;19185528117403
A05H90KT;288506603;22184949321091
A05H90VI;288506943;02101302410798
A05H911D;288507148;24305354394138
A05H915E;288507289;24309551332417
A05H9188;288507388;22173371807160
A05H923V;288508460;21238205415206
A05H926E;288508549;21228509276194
A05H92KK;288509045;01101012964255
A05H92UK;288509360;12134587551846
A05H932K;288509640;23138060719808
A05H93C4;288509974;15154703290325
A05H93G9;288510119;05100434114193
A05H9464;288510989;12125759723865
A05H94RT;288511713;01101157587364
A05H95I6;288512636;04108393589916
A05H9618;288513268;14406801647341
A05H97NL;288515276;16161939164850
A05H97NT;288515283;16163386342040
A05H98J3;288516343;23149203998466
A05H98PT;288516543;23140520841602
A05H98Q0;288516550;23140520892104
A05H99VF;288517965;22178002875393
A05H99XB;288518031;24312011410560
A05H9A70;288518370;22178002879436
A05H9AHX;288518752;14404052098410
A05H9AWF;288519225;16167872467169
A05H9BIB;288519991;06301736504179
A05H9BYG;288520521;07394934826470
A05H9DDW;288522286;12122431232006
A05H9DJA;288522475;17150795885939
A05H9E59;288523209;07412011572003
A05H9EI3;288523658;07395224218242
A05H9EI5;288523660;07395079500489
A05H9ERP;288523959;19186975253474
A05H9F0D;288524263;06303183693131
A05H9F1V;288524315;09193342950709
A05H9F6N;288524483;22184949269319
A05H9F6U;288524489;22182923292063
A05H9FTW;288525261;16167872493811
A05H9FU4;288525269;16167872539168
A05H9G8S;288525782;02100144680694
A05H9HCJ;288527139;16163386356310
A05H9J3K;288529275;25232706185230
A05H9JG3;288529713;25230680111880
A05H9KKX;288531107;16164978147377
A05H9LK5;288532305;25234876957739
A05H9LV2;288532652;09193487646380
A05H9LV4;288532654;09197250299238
A05H9MV9;288533884;16163386376775
A05H9NEY;288534573;50075926170170
A05H9NUC;288535077;19188567167282
A05H9PUV;288536320;22180752445482
A05H9R0S;288537752;19182633761710
A05H9R8H;288538022;14404052062544
A05H9RG7;288538292;24315629490059
A05H9T6P;288540409;14413892843846
A05H9TH6;288540776;01100868156255
A05H9TJ9;288540849;01100578800522
A05H9TP5;288541020;19182633692413
A05H9TS8;288541128;19186975275070
A05H9TUY;288541223;25232706196470
A05H9TVA;288541235;25230680105256
A05H9U84;288541684;23146309591720
A05H9UC0;288541820;19188567158944
A05H9UGK;288541980;12128798794562
A05H9UN0;288542205;23151808840588
A05H9WCX;288544302;16164978146588
A05H9WXC;288544982;22173227113725
A05H9X9I;288545408;07394934812975
A05H9YRT;288547238;25228798707406
A05H9YSU;288547274;16161939138096
A05H9ZY3;288548683;06303328440700
A05HA02F;288548835;07395224272461
A05HA02Q;288548845;07389724991510
A05HA06T;288548988;04108104157721
A05HA06Z;288548994;04108393626401
A05HA070;288548995;04104196748418
A05HA0BW;288549166;07383357371287
A05HA0BX;288549167;07394934848403
A05HA0Q9;288549634;02100434148043
A05HA0QE;288549639;02100144662479
A05HA2AS;288551577;24307525232724
A05HA2JV;288551895;07401157641490
A05HA2KH;288551917;07401157690862
A05HA2S5;288552150;14404196754716
A05HA31F;288552475;06301591861448
A05HA3BH;288552827;07406367559981
A05HA6FB;288556636;06303328397152
A05HA777;288557577;21228364627846
A05HA87J;288558814;01101157588041
A05HA8BJ;288558954;19182633714698
A05HDIM2;288700197;50064638005894
A05HDYLE;288718549;19184081002141
A05HE24G;288722856;14408972467892
A05HE27N;288722968;05100578862050
A05HE2HQ;288723320;19186975295750
A05HE3P3;288724768;09197250306018
A05HE471;288725396;07395079501380
A05HE4F0;288725675;06301591888424
A05HE5RB;288727296;19185528007485
A05HE67P;288727869;19182633768789
A05HE6MF;288728385;14406801589612
A05HE6MG;288728386;14408972354846
A05HE705;288728830;07401012923645
A05HE7PF;288729680;01100144636816
A05HE868;288730268;05100289361209
A05HE998;288731598;24307525151409
A05HE9CW;288731726;23137916002199
A05HE9D1;288731731;23140520966129
A05HE9D3;288731733;23138060686066
A05HE9QA;288732160;05100723556191
A05HEA68;288732718;14408972466117
A05HEAEW;288733021;24307380565478
A05HEB2P;288733819;21235745287764
A05HEBFH;288734267;04108393608837
A05HECGZ;288735544;22175687252338
A05HECTV;288735960;15145007186008
A05HED74;288736424;23146309634485
A05HEDDP;288736654;07395224271347
A05HEDJJ;288736859;04107959440843
A05HEDJM;288736862;04108393592208
A05HEDRB;288737096;22180752517707
A05HEE9B;288737726;12122431230418
A05HEEAI;288737768;25228654048722
A05HEELU;288738164;25232706082411
A05HEF8P;288738929;23138060700921
A05HEFZ4;288739819;24309696060275
A05HEG7H;288740112;24312011484567
A05HEGKG;288740566;22183067860849
A05HEGPZ;288740724;06300144648845
A05HEGQ9;288740734;06303183745225
A05HEGW7;288740942;22183067850396
A05HEHGY;288741668;16169319614630
A05HEI7K;288742565;05100578866754
A05HEIEG;288742806;09211287961813
A05HEIXP;288743444;07406512219837
A05HEJND;288744343;01100868213634
A05HEJZB;288744726;06303328410903
A05HEL7C;288746232;06300289410925
A05HEL7H;288746237;06300289422291
A05HEL7L;288746241;06301736567260
A05HELNI;288746798;04104341470031
A05HELW8;288747068;16169319636897
A05HELX5;288747100;02100868196739
A05HEMF2;288747727;22184949274490
A05HEMFC;288747737;22180752473713
A05HEML0;288747935;16163530915127
A05HEMNF;288748020;23138060706764
A05HENPE;288749279;04112011559594
A05HENPJ;288749284;04111866841705
A05HENWQ;288749535;17148480365309
A05HEP3P;288749779;25230824795306
A05HEP3U;288749784;25228798766557
A05HEP9B;288749976;01101157631925
A05HEPBZ;288750069;22173227165687
A05HEQCH;288751312;25234876953911
A05HEQN8;288751688;12137771336069
A05HEQP0;288751715;07389725020790
A05HEQQJ;288751769;09197250327485
A05HESDE;288753794;25239507904283
A05HESJG;288754006;05100144679889
A05HESXV;288754475;01101302459920
A05HESXW;288754476;01100144699682
A05HESXZ;288754479;01100578708488
A05HESZD;288754528;14404196702539
A05HESZF;288754530;14404196780818
A05HETJD;288755228;06303328412693
A05HETKW;288755281;24309551346797
A05HETL4;288755289;24307380567493
A05HETL6;288755291;04103762646360
A05HETW6;288755641;23140520922590
A05HEUDI;288756248;06303183715204
A05HEURQ;288756710;09193342938214
A05HEV13;288757038;07406656949365
A05HEV86;288757286;12128798835741
A05HEVL8;288757743;21228509248628
A05HEX1F;288759500;15150361769500
A05HEYC9;288761104;14413892882766
A05HEYQI;288761568;16169319742325
A05HEZ11;288761936;16166280704350
A05HEZ1D;288761948;16167872528365
A05HF0A6;288763481;09211432705583
A05HF0NH;288763947;22178147513057
A05HF0NL;288763951;22178147557134
A05HF0SQ;288764095;07389724961040
A05HF0U0;288764140;06300144704447
A05HF0UD;288764153;06301591784265
A05HF105;288764355;16167727924249
A05HF16B;288764571;22173227142855
A05HF1AC;288764712;04104052066250
A05HF24W;288765746;07389724991306
A05HF2JF;288766255;22178147461075
A05HF3BZ;288767219;25234876967854
A05HF42M;288768117;23149348620383
A05HF4CM;288768467;14404052049047
A05HF4IY;288768688;12128943490523
A05HF4KU;288768754;12122431226684
A05HF4VG;288769091;09197250299126
A05HF4VS;288769102;12122431232321
A05HF56U;288769489;07389869678853
A05HF57A;288769505;22180752441553
A05HF617;288770517;02100578819307
A05HF636;288770586;17157163515240
A05HF681;288770756;05106078083454
A05HF6ZY;288771698;24305209783800
A05HF72Z;288771804;17145875520273
A05HF7BM;288772107;15159478968145
A05HF83S;288773057;02100434101599
A05HF8GM;288773507;04104052057696
A05HF8KR;288773651;05100868221295
A05HF93D;288774268;50041193839732
A05HF968;288774368;12134587536547
A05HF9N3;288774958;12137915997630
A05HF9TH;288775147;01101012865589
A05HFA0H;288775392;12122431215220
A05HFAMG;288776161;01100289415531
A05HFAP7;288776222;09205933393150
A05HFAVA;288776435;17153111320072
A05HFB6E;288776824;01100723507920
A05HFBX8;288777728;06303183733857
A05HFBXD;288777733;06303328451615
A05HFCHR;288778446;14404196658742
A05HFDBD;288779448;12122286523542
A05HFDNN;288779878;12125759672459
A05HFDNQ;288779880;12125759728809
A05HFDNW;288779886;12137771339312
A05HFDQ4;288779929;09211432690610
A05HFE3M;288780402;22175687388320
A05HFE40;288780415;22173227190003
A05HFEEU;288780794;16166425273812
A05HFEJ7;288780947;14411287951911
A05HFEN8;288781088;21238205437890
A05HFG3M;288782852;17148335711907
A05HFGCU;288783174;02101157733304
A05HFGCX;288783177;02101012972792
A05HFGSV;288783700;04104052058261
A05HFH0Y;288783983;09201157719994
A05HFHEE;288784454;04111722122530
A05HFI0Z;288785209;06301736555892
A05HFI1F;288785225;22184949286521
A05HFI1S;288785237;22182923278328
A05HFIS0;288786120;25237047750132
A05HFJ72;288786647;15164109930231
A05HFJFY;288786958;02101012921518
A05HFKCH;288788062;07406656995484
A05HFKPN;288788488;25234876964275
A05HFKZH;288788832;16166425265600
A05HFL37;288788962;25228798716834
A05HFLCH;288789287;07406222792437
A05HFM0H;288790092;22175687392602
A05HFM0L;288790096;22178147572982
A05HFM0S;288790102;22178147537880
A05HFM7V;288790350;15145007192855
A05HFMDU;288790559;16161939113686
A05HFMQ7;288790957;22175687247929
A05HFN1D;288791348;22173227151968
A05HFNLG;288792051;02100144665946
A05HFPU6;288793546;05100434150085
A05HFQDA;288794215;05100868256046
A05HFRG2;288795537;24305209818680
A05HFS2W;288796301;17148335722586
A05HFSFV;288796755;22173227179306
A05HFSZE;288797404;25228798705920
A05HFT7L;288797691;04111722123980
A05HFTM5;288798200;22182923237380
A05HFTRW;288798366;12122431241322
A05HFU9W;288798996;02101302439903
A05HFUDK;288799125;17152966687188
A05HFULN;288799408;09216642540303
A05HFWRG;288802026;21228509286972
A05HFWU9;288802124;24309695924684
A05HFXET;288802843;19181186573080
A05HFY8Z;288803864;01100434131306
A05HFYJ6;288804221;23149204044849
A05HFYUF;288804580;02100868257508
A05HFZCX;288805227;21235889934846
A05HFZJ2;288805442;12122431169193
A05HG02U;288806099;04104052039470
A05HG13L;288807351;01100144571028
A05HG1ZR;288808441;07411866804709
A05HG2FG;288808991;23143270602370
A05HG2KL;288809171;07394934859318
A05HG351;288809851;22175687357284
A05HG3FY;288810233;16164833562498
A05HG61B;288813396;09197395027004
A05HI210;288894235;30002520034305
A05HI6JP;288899789;14411432632460
A05HJ5YE;288941919;50010709106591
A05HJNX4;288963924;12128943531263
A05HJP8M;288964327;14408972431703
A05HJPDG;288964496;22180752453694
A05HJPWV;288965140;02100578789246
A05HJPX7;288965152;02100723507370
A05HJQ53;288965428;09201157724180
A05HJR04;288966479;02100144602630
A05HJSL8;288968443;24312011402684
A05HJTG9;288969494;06303183678168
A05HJTNP;288969754;21233285052204
A05HJTSW;288969901;22184949293619
A05HJU1J;288970204;16166280749663
A05HJU4Y;288970323;25237192335793
A05HJV8B;288971666;21228364662949
A05HJVAN;288971748;24312011474116
A05HJVLC;288972122;19184080968349
A05HJVTE;288972369;22178147572870
A05HJWB0;288972985;07383502167785
A05HJWGK;288973180;04112011568260
A05HJWNW;288973436;15144717791757
A05HJXCF;288974260;01100723585211
A05HJYA6;288975406;07406222771293
A05HJYDA;288975515;01100434058154
A05HJZLY;288977043;15145007194006
A05HJZTV;288977285;01101302389589
A05HK064;288977714;25234876931541
A05HK06M;288977732;25234876984406
A05HK0A1;288977851;14413748187630
A05HK0FG;288978041;09193342944073
A05HK0LS;288978262;14408972470837
A05HK12Y;288978828;23146164900006
A05HK16H;288978952;04104052051528
A05HK1WN;288979833;01101012996639
A05HK1Y6;288979886;14413892896373
A05HK1Y9;288979889;14411432683634
A05HK37Z;288981454;21230824856490
A05HK380;288981455;21238205387508
A05HK39Z;288981524;19182633666972
A05HK3WF;288982275;24307380559944
A05HK457;288982582;25234876947174
A05HK469;288982619;17145875500919
A05HK4QK;288983295;02100868248058
A05HK4QQ;288983300;17157163511108
A05HK4Y9;288983564;16166280714475
A05HK5DK;288984100;06300289428461
A05HK5UG;288984656;07383212706752
A05HK61L;288984906;15150506473650
A05HK6IS;288985507;12125759707228
A05HK6IX;288985512;12137915979302
A05HK6TF;288985845;23143270596930
A05HK6TI;288985848;23138060679080
A05HK6TW;288985861;25237192346047
A05HK6UX;288985897;05100289345110
A05HK7UI;288987108;23137916025807
A05HK87U;288987574;12131982606813
A05HK88B;288987591;12134587525419
A05HK8AE;288987664;04111866854859
A05HK8E9;288987799;05100868236578
A05HK8YS;288988482;06303328440812
A05HK9FS;288989077;15163965248904
A05HK9J7;288989197;21230824865503
A05HK9VW;288989606;22182923271808
A05HK9YB;288989691;22173227079505
A05HKAM9;288990529;07383357357877
A05HKAMG;288990536;07383646816333
A05HKB2T;288991073;04104052093915
A05HKB95;288991295;22175687330411
A05HKD8S;288993732;21235889846647
A05HKD8Z;288993739;21238205495163
A05HKDLG;288994176;19184080980610
A05HKDQY;288994333;24305354375908
A05HKDZG;288994631;06300144701307
A05HKE48;288994798;19181186593323
A05HKE5Y;288994858;22175687258170
A05HKEG6;288995216;19186975333461
A05HKEHI;288995263;22173371821670
A05HKEIJ;288995299;16164978117895
A05HKEIR;288995306;16167872465031
A05HKET1;288995631;05100144684950
A05HKFBZ;288996294;15150361755891
A05HKFXM;288997017;14416353108189
A05HKG73;288997348;22178002877309
A05HKGN8;288997913;15163965260614
A05HKHHF;288998935;04104052053980
A05HKHP5;288999170;22180752458199
A05HKHZL;288999536;07412011568810
A05HKI7L;288999816;09205788704205
A05HKI7M;288999817;09205788704744
A05HKI7P;288999819;09206078118996
A05HKIIU;289000209;16169319643008
A05HKIIV;289000210;16166280731464
A05HKIN6;289000361;17155282137355
A05HKIP3;289000393;04103907346676
A05HKJGW;289001366;24312011486706
A05HKJQI;289001668;07383646833760
A05HKJQJ;289001669;07383646795395
A05HKJQN;289001673;07394934830977
A05HKK0V;289002030;09211577395304
A05HKKRQ;289002935;12134587535534
A05HKL28;289003303;04104052066361
A05HKPC6;289007326;02101157733955
A05HKPLR;289007661;02100578845612
A05HKPU3;289007918;05100868290461
A05HKPVE;289007964;14413892882430
A05HKQQJ;289009019;22175687249507
A05HKQRN;289009058;02100144668537
A05HKQRP;289009059;02100868283813
A05HKQVP;289009199;21230824851335
A05HKR02;289009352;02101302385467
A05HKRDG;289009821;23151808840690
A05HKRIU;289010009;21238205446230
A05HKRK0;289010050;16166280672722
A05HKSF8;289011108;19184081005944
A05HKSRQ;289011510;17145875524316
A05HKTJL;289012486;17150795904850
A05HKU6G;289013251;15144862482734
A05HKUK1;289013726;15144717773531
A05HKUU3;289014043;25230680105368
A05HKUUR;289014066;25230680168236
A05HKX3T;289016833;21228364569780
A05HKX3Y;289016838;21228509242671
A05HKXEC;289017202;06303328469263
A05HKXN0;289017505;19181186661280
A05HKXN7;289017512;19184225541114
A05HKY8H;289018222;04112156271608
A05HKY8S;289018232;04104196807048
A05HKYN9;289018739;17153111317802
A05HKYNE;289018744;17152966664570
A05HKZ1W;289019216;04112156249323
A05HL0AD;289020738;16164978124433
A05HL0EG;289020881;12137915969400
A05HL120;289021670;05103328478703
A05HL22P;289022919;14406801592220
A05HL2EC;289023327;19184081028664
A05HL2FU;289023379;16163386387803
A05HL2HD;289023433;01100289391789
A05HL2TY;289023838;21235745265721
A05HL2Y6;289023986;09197395015636
A05HL2Y8;289023988;05103473179479
A05HL2ZT;289024043;24312011452295
A05HL34N;289024213;21238205475809
A05HL38P;289024354;02101013024469
A05HL3EY;289024573;21228364648876
A05HL3ML;289024841;05100144651015
A05HL3MM;289024842;05100868273911
A05HL43V;289025410;14406801643412
A05HL4VH;289026342;24313892746971
A05HL4Y7;289026437;12131982629757
A05HL5E9;289026999;04104341501970
A05HL5IS;289027157;17157308150868
A05HL6KT;289028453;02101302372537
A05HL6M7;289028502;23146309612666
A05HL6YF;289028895;25234876947501
A05HL73V;289029085;23151808884330
A05HL779;289029204;09193487646492
A05HL7AJ;289029319;22180752481049
A05HL84G;289030331;17148335683109
A05HL854;289030354;05100289397735
A05HL857;289030357;05106078106967
A05HL8FD;289030713;16163386375650
A05HL9ZY;289032623;02101302444200
A05HLAGT;289033213;17145875504297
A05HLB35;289033960;21240665636276
A05HLBDC;289034317;23146164894880
A05HLBJV;289034545;12131982625716
A05HLBLZ;289034619;17150795880558
A05HLE5V;289037730;23143415218967
A05HLE66;289037741;23151808829545
A05HLE6Q;289037760;06303039069001
A05HLEEY;289038048;02100434133289
A05HLEEZ;289038049;02101591887389
A05HLEF0;289038050;02101591879860
A05HLEF1;289038051;02101447169563
A05HLF3F;289038870;23143415267453
A05HLF9X;289039097;22178147544204
A05HLFJ0;289039415;21240665656844
A05HLFZ5;289039945;25230680164632
A05HLG1G;289040026;14411432667322
A05HLG2G;289040061;14413892836972
A05HLHH0;289041795;06303183789199
A05HLIQC;289043312;09201157712813
A05HLISF;289043385;09216787245649
A05HLLAJ;289046469;07406078145002
A05HLLPL;289046961;09193487660565
A05HLLZF;289047305;02101447162055
A05HLM87;289047612;09197250314555
A05HLMPK;289048185;25237047713787
A05HLPE3;289050268;50088960810106
A05HLPGT;289050363;30002531651587
A05HLPGW;289050366;30002520208650
A05HLPH5;289050375;30002520446362
A05HLPHB;289050381;50017221407699
A05HLPIK;289050425;50078257436001
A05HLPIP;289050429;30002450092802
A05HLPJG;289050456;30002521334558
A05HLPJK;289050460;30002521569430
A05HLPKC;289050487;30002451220958
A05HLPKG;289050491;30002520018093
A05HLPKK;289050495;30002530515998
A05HLPNC;289050592;50096526721516
A05HLPNZ;289050614;30002450996814
A05HLPPA;289050625;50040630692983
A05HLPQA;289050660;50032561456232
A05HLPS7;289050727;50074963809814
A05HLPSW;289050751;30002450459102
A05HLPSY;289050753;50019826288578
A05HLPT1;289050756;50022685227258
A05HLPTK;289050775;30002521579331
A05HLPU0;289050790;50051953679149
A05HLQTG;289051996;30002521722904
A05HLQTJ;289051999;30002521794436
A05HLQV7;289052057;30002450043643
A05HLWGT;289058938;50020839312417
A05HLXDG;289060046;30002530696112
A05HLXI1;289060206;50005499231570
A05HLXIQ;289060230;50096092608204
A05HLXJM;289060262;50025615039553
A05HLXK8;289060283;50027496371089
A05HLXPR;289060441;30002450235013
A05HLXQK;289060470;30002450618837
A05HLXSQ;289060545;30002521720877
A05HLXYF;289060745;30002450653716
A05HLYJW;289061496;50037626619642
A05HLYSR;289061771;30002450015851
A05HLZE3;289062518;30002450086167
A05HLZH0;289062620;50075073321081
A05HLZKQ;289062750;50079160583748
A05HM0VV;289064330;50082923291937
A05HM23W;289065836;50098118657692
A05HM30L;289066946;30002530284604
A05HM32Z;289067029;30002531185057
A05HM363;289067138;30002531204630
A05HM5MB;289070156;30002450922604
A05HM5S2;289070322;30002450941383
A05HM60W;289070631;50095334012953
A05HM656;289070781;50096960870915
A05HM6UN;289071638;50030211128752
A05HM7CM;289072267;30002521951718
A05HM7E3;289072318;30002530146457
A05HM7SY;289072803;30002521875100
A05HM7WS;289072937;30002520166468
A05HM7YJ;289072999;30002520465489
A05HM804;289073054;30002520479759
A05HM823;289073123;30002520081752
A05HM8D4;289073509;50068596226133
A05HM8E7;289073547;50060202593739
A05HM95L;289074471;30002521158373
A05HM97S;289074547;30002521160191
A05HM9X6;289075401;50048914569811
A05HM9ZB;289075476;30002521613775
A05HMALA;289076245;50057308238164
A05HMBQ3;289077603;30002520783077
A05HMBSM;289077692;30002520859556
A05HMC30;289078055;30002450505890
A05HMCNQ;289078780;30002521956324
A05HMCQ9;289078834;30002530008108
A05HMD3J;289079299;50032416738476
A05HMDXW;289080326;30002450058487
A05HME00;289080400;30002450059388
A05HMEB7;289080792;50022431211952
A05HMF7Q;289081895;30002530166362
A05HMG1J;289082904;30002531122189
A05HMGGF;289083425;50056839198184
A05HMHQ4;289084954;50081910264220
A05HMI5V;289085505;30002451083705
A05HMKBW;289088166;30002520368289
A05HMLZT;289090193;30002451198980
A05HMNC6;289091851;30002521861605
A05HMS18;289096368;50086830634306
A05HMXBK;289102855;30002450891091
A05HMXR1;289103361;50040810409178
A05HMYH5;289104275;30002520321836
A05HMYNR;289104506;30002520336019
A05HMYRB;289104596;50072793043926
A05HMZ3I;289105023;30002531224210
A05HN0HB;289106731;30002530093249
A05HN1Q8;289108233;30002520541659
A05HN1S7;289108302;30002540225661
A05HN354;289109979;30002530194591
A05HN37T;289110073;30002450011371
A05HN3A4;289110154;30002450079844
A05HN3GJ;289110379;30002450110924
A05HN3I3;289110433;50018813267271
A05HN3QY;289110708;30002521041408
A05HN43R;289111156;30002520148242
A05HN452;289111202;50050616317109
A05HN4F4;289111554;30002451168512
A05HN4I4;289111659;30002530711653
A05HN5RI;289113178;30002520371447
A05HN5VC;289113312;30002530316110
A05HN5XD;289113383;30002530316333
A05HN8G3;289116488;30002451012288
A05HN8HT;289116548;30002450663404
A05HN8JI;289116608;30002510712104
A05HN8QT;289116828;30002530157250
A05HNDBQ;289122460;50073371914700
A05HNPUQ;289136565;50070622276340
A05HNQKG;289137466;50028798833838
A05HNS7B;289139456;30002520637167
A05HNTH9;289141029;50090448579370
A05HNTJ9;289141099;50091461638626
A05HNTMB;289141206;50018668550746
A05HNVFY;289143433;30002520421403
A05HNVTQ;289143880;30002531578089
A05HNXQQ;289146225;50046454370804
A05HNXSA;289146280;50056439932103
A05HNXTZ;289146339;50060202594965
A05HNYFS;289147102;50011866849014
A05HP028;289149078;30002450046346
A05HP1L1;289150961;50005065113901
A05HP1LQ;289150985;50030535444850
A05HP1MV;289151025;50076121551747
A05HP1NW;289151061;50011866848662
A05HP2TG;289152446;30002521027874
A05HP3GQ;289153260;50094500712523
A05HP6P7;289157197;14411287972728
A05HP6W0;289157435;02101302451735
A05HP713;289157613;15163965252951
A05HP7VC;289158637;21233429704892
A05HP918;289160068;17157308178745
A05HP9V8;289161083;14408972503589
A05HPAUV;289162295;22180752433902
A05HPB65;289162690;25235021562150
A05HPCM7;289164477;09211577401509
A05HPCMC;289164482;09205933411508
A05HPCVC;289164762;23143415225942
A05HPCXB;289164831;24307525222160
A05HPD1Z;289164994;15159478976682
A05HPD4A;289165075;30002450036332
A05HPDSE;289165884;22178147549910
A05HPED5;289166610;05100144679990
A05HPEJ1;289166816;04103907355565
A05HPEPV;289167020;14416497749820
A05HPFKH;289168092;07395224248497
A05HPG6U;289168839;24313748148608
A05HPGGU;289169189;07383212726881
A05HPH21;289169896;07389580305624
A05HPH92;289170142;24313748080229
A05HPHVU;289170904;25230824789984
A05HPI1T;289171113;17146020173915
A05HPJ3R;289172406;01101157604709
A05HPK4I;289173658;15144862464293
A05HPKR5;289174415;21228364586220
A05HPL06;289174731;16164833574420
A05HPLBU;289175139;25235021572490
A05HPLIG;289175371;05100144688117
A05HPLMX;289175527;24305209829370
A05HPQU8;289180648;23140520962413
A05HPR1H;289180902;23140520973328
A05HPRRQ;289181785;23146164933380
A05HPS70;289182320;15163965260726
A05HPSC6;289182501;22175687310280
A05HPSZF;289183280;17152966640489
A05HPTFM;289183847;24305209737354
A05HPTHB;289183906;07401012977185
A05HPU1C;289184572;23149204026959
A05HPV3X;289185887;24307525209549
A05HPWVM;289188047;05103328483224
A05HPX60;289188410;09201157720801
A05HPZ38;289190763;02100578855075
A05HPZTL;289191651;07389869739836
A05HQ09P;289192214;04111722123106
A05HQ0KY;289192608;07395224277405
A05HQ0QR;289192776;17146020196084
A05HQ0W9;289192969;12125615003903
A05HQ0XY;289193028;09216787253198
A05HQ13B;289193216;05100289364786
A05HQ1A0;289193450;15159334273057
A05HQ1CE;289193534;04112011576583
A05HQ25I;289194518;12122431184820
A05HQ53X;289198137;15144862511557
A05HQ779;289200704;07406656919883
A05HQ8Y9;289202839;30002510516665
A05HQ9DV;289203385;30002531203077
A05HQ9FL;289203446;50014761207298
A05HQ9N8;289203713;30002520954303
A05HQ9SL;289203866;30002451018458
A05HQBD3;289205808;30002540199541
A05HQBID;289205993;50024023146577
A05HQBT5;289206335;30002521332420
A05HQBZT;289206568;30002510997797
A05HQC0A;289206585;30002511018318
A05HQC9A;289206900;30002520645818
A05HQCC2;289206997;50029667140604
A05HQCC7;289207002;50036179441606
A05HQCD5;289207035;50076555705423
A05HQCFB;289207111;50056005739590
A05HQCHI;289207188;30002520963518
A05HQCHJ;289207189;30002520817506
A05HQCHK;289207190;30002520927402
A05HQCII;289207223;30002450572716
A05HRWWV;289273840;01101302428336
A05HRXMI;289274738;17155282134876
A05HRYPB;289276026;02101447155070
A05HRYXR;289276321;16164978122967
A05HRZ8B;289276691;07401013023670
A05HRZTI;289277398;09197395007097
A05HRZWX;289277517;01100578718166
A05HS23B;289280191;21230969529678
A05HS2R9;289280994;16161939174864
A05HS2RB;289280996;01100433999728
A05HS3BI;289281703;23140520820347
A05HS656;289285156;21238205473670
A05HS6JH;289285657;50065213430707
A05HS6JT;289285668;09205933414200
A05HSR5L;289309671;50082199662894
A05HSZJB;289319951;50072358890222
A05HSZLL;289320031;50007056201453
A05HSZLV;289320040;50026338628845
A05HSZM4;289320049;50031548470678
A05HSZMR;289320071;50032272058972
A05HT0WR;289321611;50029088269461
A05HUFJI;289382433;06303328437217
A05HYYKN;289576023;50096960918614
A05HYZAL;289576896;30002530116863
A05HZ3VT;289582503;50000578816480
A05HZ3WA;289582520;50083467039090
A05I5HHU;289856449;30002531833718
A05I6QZR;289909716;19181186612468
A05I6U18;289913443;09205933412510
A05I7UG6;289956841;24309696045852
A05I9LLJ;290032979;22175687374497
A05IACMP;290064869;50004585779143
A05IANDR;290078031;07394934787868
A05IANDR;290078031;07394934787868
